date,DXY,SPX
2011-06-06,,1286.17
2011-06-07,,1284.94
2011-06-08,,1279.56
2011-06-09,,1289.0
2011-06-10,,1270.98
2011-06-13,,1271.83
2011-06-14,,1287.87
2011-06-15,,1265.42
2011-06-16,,1267.64
2011-06-17,,1271.5
2011-06-20,,1278.36
2011-06-21,,1295.52
2011-06-22,,1287.14
2011-06-23,,1283.5
2011-06-24,,1268.45
2011-06-27,,1280.1
2011-06-28,,1296.67
2011-06-29,,1307.41
2011-06-30,,1320.64
2011-07-01,,1339.67
2011-07-05,,1337.88
2011-07-06,,1339.22
2011-07-07,,1353.22
2011-07-08,,1343.8
2011-07-11,,1319.49
2011-07-12,,1313.64
2011-07-13,,1317.72
2011-07-14,,1308.87
2011-07-15,,1316.14
2011-07-18,,1305.44
2011-07-19,,1326.73
2011-07-20,,1325.84
2011-07-21,,1343.8
2011-07-22,,1345.02
2011-07-25,,1337.43
2011-07-26,,1331.94
2011-07-27,,1304.89
2011-07-28,,1300.67
2011-07-29,,1292.28
2011-08-01,,1286.94
2011-08-02,,1254.05
2011-08-03,,1260.34
2011-08-04,,1200.07
2011-08-05,,1199.38
2011-08-08,,1119.46
2011-08-09,,1172.53
2011-08-10,,1120.76
2011-08-11,,1172.64
2011-08-12,,1178.81
2011-08-15,,1204.49
2011-08-16,,1192.76
2011-08-17,,1193.89
2011-08-18,,1140.65
2011-08-19,,1123.53
2011-08-22,,1123.82
2011-08-23,,1162.35
2011-08-24,,1177.6
2011-08-25,,1159.27
2011-08-26,,1176.8
2011-08-29,,1210.08
2011-08-30,,1212.92
2011-08-31,,1218.89
2011-09-01,,1204.42
2011-09-02,,1173.97
2011-09-06,,1165.24
2011-09-07,,1198.62
2011-09-08,,1185.9
2011-09-09,,1154.23
2011-09-12,,1162.27
2011-09-13,,1172.87
2011-09-14,,1188.68
2011-09-15,,1209.11
2011-09-16,,1216.01
2011-09-19,,1204.09
2011-09-20,,1202.09
2011-09-21,,1166.76
2011-09-22,,1129.56
2011-09-23,,1136.43
2011-09-26,,1162.95
2011-09-27,,1175.38
2011-09-28,,1151.06
2011-09-29,,1160.4
2011-09-30,,1131.42
2011-10-03,,1099.23
2011-10-04,,1123.95
2011-10-05,,1144.03
2011-10-06,,1164.97
2011-10-07,,1155.46
2011-10-10,,1194.89
2011-10-11,,1195.54
2011-10-12,,1207.25
2011-10-13,,1203.66
2011-10-14,,1224.58
2011-10-17,,1200.86
2011-10-18,,1225.38
2011-10-19,,1209.88
2011-10-20,,1215.39
2011-10-21,,1238.25
2011-10-24,,1254.19
2011-10-25,,1229.05
2011-10-26,,1242.0
2011-10-27,,1284.59
2011-10-28,,1285.09
2011-10-31,,1253.3
2011-11-01,,1218.28
2011-11-02,77.017,1237.9
2011-11-03,76.672,1261.15
2011-11-04,76.962,1253.23
2011-11-07,76.962,1261.12
2011-11-08,76.586,1275.92
2011-11-09,77.926,1229.1
2011-11-10,77.743,1239.69
2011-11-11,76.945,1263.85
2011-11-14,77.569,1251.78
2011-11-15,77.872,1257.81
2011-11-16,78.016,1236.91
2011-11-17,78.282,1216.13
2011-11-18,78.064,1215.65
2011-11-21,78.3,1192.98
2011-11-22,78.266,1188.04
2011-11-23,79.141,1161.79
2011-11-24,79.141,
2011-11-25,79.686,1158.67
2011-11-28,79.263,1192.55
2011-11-29,79.007,1195.19
2011-11-30,78.384,1246.96
2011-12-01,78.299,1244.58
2011-12-02,78.625,1244.28
2011-12-05,78.57,1257.08
2011-12-06,78.499,1258.47
2011-12-07,78.485,1261.01
2011-12-08,78.832,1234.35
2011-12-09,78.632,1255.19
2011-12-12,79.534,1236.47
2011-12-13,80.242,1225.73
2011-12-14,80.589,1211.82
2011-12-15,80.321,1215.75
2011-12-16,80.256,1219.66
2011-12-19,80.25,1205.35
2011-12-20,79.882,1241.3
2011-12-21,80.022,1243.72
2011-12-22,79.964,1254.0
2011-12-23,79.93,1265.33
2011-12-26,79.901,
2011-12-27,79.797,1265.43
2011-12-28,80.497,1249.64
2011-12-29,80.486,1263.02
2011-12-30,80.178,1257.6
2012-01-02,80.278,
2012-01-03,79.611,1277.06
2012-01-04,80.129,1277.3
2012-01-05,80.936,1281.06
2012-01-06,81.254,1277.81
2012-01-09,81.051,1280.7
2012-01-10,80.805,1292.08
2012-01-11,81.351,1292.48
2012-01-12,80.77,1295.5
2012-01-13,81.515,1289.09
2012-01-16,81.515,
2012-01-17,81.182,1293.67
2012-01-18,80.609,1308.04
2012-01-19,80.216,1314.5
2012-01-20,80.223,1315.38
2012-01-23,79.783,1316.0
2012-01-24,79.868,1314.65
2012-01-25,79.579,1326.05
2012-01-26,79.395,1318.43
2012-01-27,78.902,1316.33
2012-01-30,79.167,1313.01
2012-01-31,79.288,1312.41
2012-02-01,78.922,1324.09
2012-02-02,78.991,1325.54
2012-02-03,78.924,1344.9
2012-02-06,79.069,1344.33
2012-02-07,78.576,1347.05
2012-02-08,78.641,1349.96
2012-02-09,78.566,1351.95
2012-02-10,79.114,1342.64
2012-02-13,78.946,1351.77
2012-02-14,79.58,1350.5
2012-02-15,79.67,1343.23
2012-02-16,79.348,1358.04
2012-02-17,79.331,1361.23
2012-02-21,79.044,1362.21
2012-02-22,79.211,1357.66
2012-02-23,78.819,1363.46
2012-02-24,78.352,1365.74
2012-02-27,78.568,1367.59
2012-02-28,78.273,1372.18
2012-02-29,78.737,1365.68
2012-03-01,78.789,1374.09
2012-03-02,79.403,1369.63
2012-03-05,79.3,1364.33
2012-03-06,79.866,1343.36
2012-03-07,79.712,1352.63
2012-03-08,79.139,1365.91
2012-03-09,80.041,1370.87
2012-03-12,79.89,1371.09
2012-03-13,80.193,1395.95
2012-03-14,80.565,1394.28
2012-03-15,80.15,1402.6
2012-03-16,79.786,1404.17
2012-03-19,79.475,1409.75
2012-03-20,79.593,1405.52
2012-03-21,79.657,1402.89
2012-03-22,79.736,1392.78
2012-03-23,79.345,1397.11
2012-03-26,78.982,1416.51
2012-03-27,79.047,1412.52
2012-03-28,79.126,1405.54
2012-03-29,79.186,1403.28
2012-03-30,79.004,1408.47
2012-04-02,78.82,1419.04
2012-04-03,79.483,1413.38
2012-04-04,79.778,1398.96
2012-04-05,80.076,1398.08
2012-04-06,79.886,
2012-04-09,79.733,1382.2
2012-04-10,79.891,1358.59
2012-04-11,79.795,1368.71
2012-04-12,79.285,1387.57
2012-04-13,79.888,1370.26
2012-04-16,79.555,1369.57
2012-04-17,79.476,1390.78
2012-04-18,79.538,1385.14
2012-04-19,79.561,1376.92
2012-04-20,79.194,1378.53
2012-04-23,79.42,1366.94
2012-04-24,79.225,1371.97
2012-04-25,79.012,1390.69
2012-04-26,78.919,1399.98
2012-04-27,78.709,1403.36
2012-04-30,78.776,1397.91
2012-05-01,78.864,1405.82
2012-05-02,79.132,1402.31
2012-05-03,79.221,1391.57
2012-05-04,79.498,1369.1
2012-05-07,79.603,1369.58
2012-05-08,79.603,1363.72
2012-05-09,80.08,1354.58
2012-05-10,80.112,1357.99
2012-05-11,80.303,1353.39
2012-05-14,80.691,1338.35
2012-05-15,81.221,1330.66
2012-05-16,81.372,1324.8
2012-05-17,81.383,1304.86
2012-05-18,81.292,1295.22
2012-05-21,81.084,1315.99
2012-05-22,81.493,1316.63
2012-05-23,82.094,1318.86
2012-05-24,82.254,1320.68
2012-05-25,82.402,1317.82
2012-05-29,82.48,1332.42
2012-05-30,83.018,1313.32
2012-05-31,83.043,1310.33
2012-06-01,82.89,1278.04
2012-06-04,82.557,1278.18
2012-06-05,82.825,1285.5
2012-06-06,82.321,1315.13
2012-06-07,82.051,1314.99
2012-06-08,82.511,1325.66
2012-06-11,82.515,1308.93
2012-06-12,82.423,1324.18
2012-06-13,82.058,1314.88
2012-06-14,81.99,1329.1
2012-06-15,81.628,1342.84
2012-06-18,81.946,1344.78
2012-06-19,81.378,1357.98
2012-06-20,81.583,1355.69
2012-06-21,82.29,1325.51
2012-06-22,82.256,1335.02
2012-06-25,82.497,1313.72
2012-06-26,82.372,1319.99
2012-06-27,82.618,1331.85
2012-06-28,82.807,1329.04
2012-06-29,81.627,1362.16
2012-07-02,81.87,1365.51
2012-07-03,81.782,1374.02
2012-07-04,81.782,
2012-07-05,82.813,1367.58
2012-07-06,83.377,1354.68
2012-07-09,83.161,1352.46
2012-07-10,83.4,1341.47
2012-07-11,83.568,1341.45
2012-07-12,83.659,1334.76
2012-07-13,83.349,1356.78
2012-07-16,83.098,1353.64
2012-07-17,83.032,1363.67
2012-07-18,83.068,1372.78
2012-07-19,82.883,1376.51
2012-07-20,83.478,1362.66
2012-07-23,83.706,1350.52
2012-07-24,84.005,1338.31
2012-07-25,83.524,1337.89
2012-07-26,82.808,1360.02
2012-07-27,82.709,1385.97
2012-07-30,82.794,1385.3
2012-07-31,82.635,1379.32
2012-08-01,83.058,1375.14
2012-08-02,83.361,1365.0
2012-08-03,82.375,1390.99
2012-08-06,82.266,1394.23
2012-08-07,82.21,1401.35
2012-08-08,82.394,1402.22
2012-08-09,82.638,1402.78
2012-08-10,82.553,1405.87
2012-08-13,82.435,1404.11
2012-08-14,82.483,1403.93
2012-08-15,82.645,1405.53
2012-08-16,82.357,1415.51
2012-08-17,82.596,1418.16
2012-08-20,82.456,1418.13
2012-08-21,81.907,1413.17
2012-08-22,81.486,1413.49
2012-08-23,81.359,1402.08
2012-08-24,81.593,1411.13
2012-08-27,81.658,1410.44
2012-08-28,81.37,1409.3
2012-08-29,81.549,1410.49
2012-08-30,81.691,1399.48
2012-08-31,81.208,1406.58
2012-09-03,81.208,
2012-09-04,81.312,1404.94
2012-09-05,81.235,1403.44
2012-09-06,81.04,1432.12
2012-09-07,80.252,1437.92
2012-09-10,80.391,1429.08
2012-09-11,79.857,1433.56
2012-09-12,79.737,1436.56
2012-09-13,79.262,1459.99
2012-09-14,78.847,1465.77
2012-09-17,79.01,1461.19
2012-09-18,79.249,1459.32
2012-09-19,79.055,1461.05
2012-09-20,79.411,1460.26
2012-09-21,79.328,1460.15
2012-09-24,79.518,1456.89
2012-09-25,79.552,1441.59
2012-09-26,79.885,1433.32
2012-09-27,79.548,1447.15
2012-09-28,79.935,1440.67
2012-10-01,79.824,1444.49
2012-10-02,79.744,1445.75
2012-10-03,79.965,1450.99
2012-10-04,79.353,1461.4
2012-10-05,79.337,1460.93
2012-10-08,79.54,1455.88
2012-10-09,79.951,1441.48
2012-10-10,79.917,1432.56
2012-10-11,79.775,1432.84
2012-10-12,79.667,1428.59
2012-10-15,79.742,1440.13
2012-10-16,79.405,1454.92
2012-10-17,79.016,1460.91
2012-10-18,79.367,1457.34
2012-10-19,79.621,1433.19
2012-10-22,79.652,1433.82
2012-10-23,79.976,1413.11
2012-10-24,79.914,1408.75
2012-10-25,80.044,1412.97
2012-10-26,80.068,1411.94
2012-10-29,80.232,
2012-10-30,79.931,
2012-10-31,79.919,1412.16
2012-11-01,80.047,1427.59
2012-11-02,80.593,1414.2
2012-11-05,80.749,1417.26
2012-11-06,80.613,1428.39
2012-11-07,80.759,1394.53
2012-11-08,80.793,1377.51
2012-11-09,81.058,1379.85
2012-11-12,81.035,1380.03
2012-11-13,81.084,1374.53
2012-11-14,81.056,1355.49
2012-11-15,81.078,1353.33
2012-11-16,81.257,1359.88
2012-11-19,80.874,1386.89
2012-11-20,80.957,1387.81
2012-11-21,80.932,1391.03
2012-11-22,80.705,
2012-11-23,80.192,1409.15
2012-11-26,80.251,1406.29
2012-11-27,80.402,1398.94
2012-11-28,80.336,1409.93
2012-11-29,80.204,1415.95
2012-11-30,80.153,1416.18
2012-12-03,79.882,1409.46
2012-12-04,79.644,1407.05
2012-12-05,79.774,1409.28
2012-12-06,80.243,1413.94
2012-12-07,80.408,1418.07
2012-12-10,80.328,1418.55
2012-12-11,80.061,1427.84
2012-12-12,79.815,1428.48
2012-12-13,79.928,1419.45
2012-12-14,79.58,1413.58
2012-12-17,79.568,1430.36
2012-12-18,79.359,1446.79
2012-12-19,79.269,1435.81
2012-12-20,79.261,1443.69
2012-12-21,79.617,1430.15
2012-12-24,79.642,1426.66
2012-12-26,79.621,1419.83
2012-12-27,79.62,1418.1
2012-12-28,79.678,1402.43
2012-12-31,79.769,1426.19
2013-01-02,79.845,1462.42
2013-01-03,80.382,1459.37
2013-01-04,80.499,1466.47
2013-01-07,80.256,1461.89
2013-01-08,80.345,1457.15
2013-01-09,80.557,1461.02
2013-01-10,79.718,1472.12
2013-01-11,79.563,1472.05
2013-01-14,79.488,1470.68
2013-01-15,79.779,1472.34
2013-01-16,79.804,1472.63
2013-01-17,79.649,1480.94
2013-01-18,80.036,1485.98
2013-01-21,80.036,
2013-01-22,79.874,1492.56
2013-01-23,79.92,1494.81
2013-01-24,79.949,1494.82
2013-01-25,79.748,1502.96
2013-01-28,79.808,1500.18
2013-01-29,79.569,1507.84
2013-01-30,79.281,1501.96
2013-01-31,79.207,1498.11
2013-02-01,79.125,1513.17
2013-02-04,79.554,1495.71
2013-02-05,79.488,1511.29
2013-02-06,79.721,1512.12
2013-02-07,80.192,1509.39
2013-02-08,80.246,1517.93
2013-02-11,80.31,1517.01
2013-02-12,80.106,1519.43
2013-02-13,80.091,1520.33
2013-02-14,80.458,1521.38
2013-02-15,80.58,1519.79
2013-02-18,80.617,
2013-02-19,80.468,1530.94
2013-02-20,81.069,1511.95
2013-02-21,81.461,1502.42
2013-02-22,81.482,1515.6
2013-02-25,81.67,1487.85
2013-02-26,81.87,1496.94
2013-02-27,81.566,1515.99
2013-02-28,81.949,1514.68
2013-03-01,82.313,1518.2
2013-03-04,82.195,1525.2
2013-03-05,82.056,1539.79
2013-03-06,82.459,1541.46
2013-03-07,82.081,1544.26
2013-03-08,82.696,1551.18
2013-03-11,82.573,1556.22
2013-03-12,82.584,1552.48
2013-03-13,82.889,1554.52
2013-03-14,82.594,1563.23
2013-03-15,82.261,1560.7
2013-03-18,82.694,1552.1
2013-03-19,82.989,1548.34
2013-03-20,82.779,1558.71
2013-03-21,82.74,1545.8
2013-03-22,82.376,1556.89
2013-03-25,82.903,1551.69
2013-03-26,82.881,1563.77
2013-03-27,83.221,1562.85
2013-03-28,82.997,1569.19
2013-03-29,82.976,
2013-04-01,82.733,1562.17
2013-04-02,82.924,1570.25
2013-04-03,82.718,1553.69
2013-04-04,82.677,1559.98
2013-04-05,82.496,1553.28
2013-04-08,82.752,1563.07
2013-04-09,82.309,1568.61
2013-04-10,82.532,1587.73
2013-04-11,82.247,1593.37
2013-04-12,82.311,1588.85
2013-04-15,82.417,1552.36
2013-04-16,81.749,1574.57
2013-04-17,82.684,1552.01
2013-04-18,82.559,1541.61
2013-04-19,82.714,1555.25
2013-04-22,82.676,1562.5
2013-04-23,83.048,1578.78
2013-04-24,83.048,1578.79
2013-04-25,82.744,1585.16
2013-04-26,82.502,1582.24
2013-04-29,82.147,1593.61
2013-04-30,81.746,1597.57
2013-05-01,81.484,1582.7
2013-05-02,82.224,1597.59
2013-05-03,82.125,1614.42
2013-05-06,82.315,1617.5
2013-05-07,82.253,1625.96
2013-05-08,81.896,1632.69
2013-05-09,82.793,1626.67
2013-05-10,83.143,1633.7
2013-05-13,83.277,1633.77
2013-05-14,83.595,1650.34
2013-05-15,83.83,1658.78
2013-05-16,83.588,1650.47
2013-05-17,84.252,1667.47
2013-05-20,83.736,1666.29
2013-05-21,83.864,1669.16
2013-05-22,84.352,1655.35
2013-05-23,83.8,1650.51
2013-05-24,83.7,1649.6
2013-05-27,83.7,
2013-05-28,84.1,1660.06
2013-05-29,83.603,1648.36
2013-05-30,83.042,1654.41
2013-05-31,83.375,1630.74
2013-06-03,82.656,1640.42
2013-06-04,82.733,1631.38
2013-06-05,82.549,1608.9
2013-06-06,81.537,1622.56
2013-06-07,81.669,1643.38
2013-06-10,81.646,1642.81
2013-06-11,81.113,1626.13
2013-06-12,80.947,1612.52
2013-06-13,80.752,1636.36
2013-06-14,80.67,1626.73
2013-06-17,80.787,1639.04
2013-06-18,80.75,1651.81
2013-06-19,81.428,1628.93
2013-06-20,81.915,1588.19
2013-06-21,82.318,1592.43
2013-06-24,82.425,1573.09
2013-06-25,82.581,1588.03
2013-06-26,82.977,1603.26
2013-06-27,82.902,1613.2
2013-06-28,83.136,1606.28
2013-07-01,83.054,1614.96
2013-07-02,83.544,1614.08
2013-07-03,83.231,1615.41
2013-07-04,83.231,
2013-07-05,84.449,1631.89
2013-07-08,84.193,1640.46
2013-07-09,84.58,1652.32
2013-07-10,84.041,1652.62
2013-07-11,82.746,1675.02
2013-07-12,82.988,1680.19
2013-07-15,83.043,1682.5
2013-07-16,82.498,1676.26
2013-07-17,82.708,1680.91
2013-07-18,82.783,1689.37
2013-07-19,82.607,1692.09
2013-07-22,82.219,1695.53
2013-07-23,81.945,1692.39
2013-07-24,82.291,1685.94
2013-07-25,81.97,1690.25
2013-07-26,81.657,1691.65
2013-07-29,81.663,1685.33
2013-07-30,81.829,1685.96
2013-07-31,81.452,1685.73
2013-08-01,82.336,1706.87
2013-08-02,81.908,1709.67
2013-08-05,81.875,1707.14
2013-08-06,81.603,1697.37
2013-08-07,81.287,1690.91
2013-08-08,80.977,1697.48
2013-08-09,81.126,1691.42
2013-08-12,81.333,1689.47
2013-08-13,81.768,1694.16
2013-08-14,81.711,1685.39
2013-08-15,81.164,1661.32
2013-08-16,81.257,1655.83
2013-08-19,81.226,1646.06
2013-08-20,80.906,1652.35
2013-08-21,81.213,1642.8
2013-08-22,81.488,1656.96
2013-08-23,81.361,1663.5
2013-08-26,81.407,1656.78
2013-08-27,81.166,1630.48
2013-08-28,81.431,1634.96
2013-08-29,81.948,1638.17
2013-08-30,82.087,1632.97
2013-09-02,82.087,
2013-09-03,82.361,1639.77
2013-09-04,82.169,1653.08
2013-09-05,82.633,1655.08
2013-09-06,82.146,1655.17
2013-09-09,81.793,1671.71
2013-09-10,81.821,1683.99
2013-09-11,81.518,1689.13
2013-09-12,81.489,1683.42
2013-09-13,81.452,1687.99
2013-09-16,81.295,1697.6
2013-09-17,81.143,1704.76
2013-09-18,80.237,1725.52
2013-09-19,80.372,1722.34
2013-09-20,80.431,1709.91
2013-09-23,80.449,1701.84
2013-09-24,80.563,1697.42
2013-09-25,80.334,1692.77
2013-09-26,80.523,1698.67
2013-09-27,80.523,1691.75
2013-09-30,80.221,1681.55
2013-10-01,80.141,1695.0
2013-10-02,79.9,1693.87
2013-10-03,79.749,1678.66
2013-10-04,80.122,1690.5
2013-10-07,79.941,1676.12
2013-10-08,80.06,1655.45
2013-10-09,80.376,1656.4
2013-10-10,80.417,1692.56
2013-10-11,80.362,1703.2
2013-10-14,80.263,1710.14
2013-10-15,80.473,1698.06
2013-10-16,80.47,1721.54
2013-10-17,79.649,1733.15
2013-10-18,79.654,1744.5
2013-10-21,79.695,1744.66
2013-10-22,79.23,1754.67
2013-10-23,79.264,1746.38
2013-10-24,79.185,1752.07
2013-10-25,79.194,1759.77
2013-10-28,79.246,1762.11
2013-10-29,79.607,1771.95
2013-10-30,79.777,1763.31
2013-10-31,80.195,1756.54
2013-11-01,80.716,1761.64
2013-11-04,80.553,1767.93
2013-11-05,80.7,1762.97
2013-11-06,80.483,1770.49
2013-11-07,80.845,1747.15
2013-11-08,81.303,1770.61
2013-11-11,81.091,1771.89
2013-11-12,81.192,1767.69
2013-11-13,80.926,1782.0
2013-11-14,81.023,1790.62
2013-11-15,80.849,1798.18
2013-11-18,80.825,1791.53
2013-11-19,80.704,1787.87
2013-11-20,81.112,1781.37
2013-11-21,81.073,1795.85
2013-11-22,80.708,1804.76
2013-11-25,80.92,1802.48
2013-11-26,80.611,1802.75
2013-11-27,80.722,1807.23
2013-11-28,80.581,
2013-11-29,80.68,1805.81
2013-12-02,80.925,1800.9
2013-12-03,80.614,1795.15
2013-12-04,80.619,1792.81
2013-12-05,80.235,1785.03
2013-12-06,80.315,1805.09
2013-12-09,80.134,1808.37
2013-12-10,79.966,1802.62
2013-12-11,79.894,1782.22
2013-12-12,80.206,1775.5
2013-12-13,80.214,1775.32
2013-12-16,80.074,1786.54
2013-12-17,80.061,1781.0
2013-12-18,80.105,1810.65
2013-12-19,80.63,1809.6
2013-12-20,80.575,1818.32
2013-12-23,80.447,1827.99
2013-12-24,80.54,1833.32
2013-12-26,80.484,1842.02
2013-12-27,80.392,1841.4
2013-12-30,80.0,1841.07
2013-12-31,80.035,1848.36
2014-01-02,80.63,1831.98
2014-01-03,80.791,1831.37
2014-01-06,80.652,1826.77
2014-01-07,80.833,1837.88
2014-01-08,81.022,1837.49
2014-01-09,81.005,1838.13
2014-01-10,80.658,1842.37
2014-01-13,80.513,1819.2
2014-01-14,80.649,1838.88
2014-01-15,81.027,1848.38
2014-01-16,80.91,1845.89
2014-01-17,81.225,1838.7
2014-01-20,81.225,
2014-01-21,81.098,1843.8
2014-01-22,81.167,1844.86
2014-01-23,80.438,1828.46
2014-01-24,80.458,1790.29
2014-01-27,80.524,1781.56
2014-01-28,80.568,1792.5
2014-01-29,80.505,1774.2
2014-01-30,81.085,1794.19
2014-01-31,81.311,1782.59
2014-02-03,81.009,1741.89
2014-02-04,81.121,1755.2
2014-02-05,81.036,1751.64
2014-02-06,80.906,1773.43
2014-02-07,80.691,1797.02
2014-02-10,80.642,1799.84
2014-02-11,80.638,1819.75
2014-02-12,80.679,1819.26
2014-02-13,80.323,1829.83
2014-02-14,80.136,1838.63
2014-02-17,80.136,
2014-02-18,80.008,1840.76
2014-02-19,80.144,1828.75
2014-02-20,80.286,1839.78
2014-02-21,80.237,1836.25
2014-02-24,80.199,1847.61
2014-02-25,80.137,1845.12
2014-02-26,80.429,1845.16
2014-02-27,80.285,1854.29
2014-02-28,79.691,1859.45
2014-03-03,80.077,1845.73
2014-03-04,80.168,1873.91
2014-03-05,80.109,1873.81
2014-03-06,79.663,1877.03
2014-03-07,79.719,1878.04
2014-03-10,79.768,1877.17
2014-03-11,79.736,1867.63
2014-03-12,79.608,1868.2
2014-03-13,79.62,1846.34
2014-03-14,79.446,1841.13
2014-03-17,79.385,1858.83
2014-03-18,79.414,1872.25
2014-03-19,79.995,1860.77
2014-03-20,80.192,1872.01
2014-03-21,80.105,1866.52
2014-03-24,79.934,1857.44
2014-03-25,79.944,1865.62
2014-03-26,80.032,1852.56
2014-03-27,80.111,1849.04
2014-03-28,80.176,1857.62
2014-03-31,80.1,1872.34
2014-04-01,80.094,1885.52
2014-04-02,80.215,1890.9
2014-04-03,80.475,1888.77
2014-04-04,80.423,1865.09
2014-04-07,80.232,1845.04
2014-04-08,79.752,1851.96
2014-04-09,79.484,1872.18
2014-04-10,79.383,1833.08
2014-04-11,79.452,1815.69
2014-04-14,79.729,1830.61
2014-04-15,79.803,1842.98
2014-04-16,79.803,1862.31
2014-04-17,79.828,1864.85
2014-04-18,79.847,
2014-04-21,79.945,1871.89
2014-04-22,79.905,1879.55
2014-04-23,79.855,1875.39
2014-04-24,79.799,1878.61
2014-04-25,79.749,1863.4
2014-04-28,79.683,1869.43
2014-04-29,79.808,1878.33
2014-04-30,79.474,1883.95
2014-05-01,79.527,1883.68
2014-05-02,79.516,1881.14
2014-05-05,79.486,1884.66
2014-05-06,79.093,1867.72
2014-05-07,79.202,1878.21
2014-05-08,79.361,1875.63
2014-05-09,79.903,1878.48
2014-05-12,79.901,1896.65
2014-05-13,80.143,1897.45
2014-05-14,80.073,1888.53
2014-05-15,80.003,1870.85
2014-05-16,80.043,1877.86
2014-05-19,79.993,1885.08
2014-05-20,80.041,1872.83
2014-05-21,80.095,1888.03
2014-05-22,80.254,1892.49
2014-05-23,80.393,1900.53
2014-05-26,80.393,
2014-05-27,80.352,1911.91
2014-05-28,80.571,1909.78
2014-05-29,80.494,1920.03
2014-05-30,80.369,1923.57
2014-06-02,80.644,1924.97
2014-06-03,80.554,1924.24
2014-06-04,80.663,1927.88
2014-06-05,80.371,1940.46
2014-06-06,80.409,1949.44
2014-06-09,80.653,1951.27
2014-06-10,80.82,1950.79
2014-06-11,80.788,1943.89
2014-06-12,80.576,1930.11
2014-06-13,80.576,1936.16
2014-06-16,80.471,1937.78
2014-06-17,80.629,1941.99
2014-06-18,80.584,1956.98
2014-06-19,80.317,1959.48
2014-06-20,80.372,1962.87
2014-06-23,80.272,1962.61
2014-06-24,80.327,1949.98
2014-06-25,80.225,1959.53
2014-06-26,80.22,1957.22
2014-06-27,80.039,1960.96
2014-06-30,79.775,1960.23
2014-07-01,79.815,1973.32
2014-07-02,79.956,1974.62
2014-07-03,80.212,1985.44
2014-07-04,80.269,
2014-07-07,80.218,1977.65
2014-07-08,80.179,1963.71
2014-07-09,79.993,1972.83
2014-07-10,80.127,1964.68
2014-07-11,80.187,1967.57
2014-07-14,80.188,1977.1
2014-07-15,80.39,1973.28
2014-07-16,80.559,1981.57
2014-07-17,80.505,1958.12
2014-07-18,80.524,1978.22
2014-07-21,80.56,1973.63
2014-07-22,80.781,1983.53
2014-07-23,80.823,1987.01
2014-07-24,80.872,1987.98
2014-07-25,81.029,1978.34
2014-07-28,81.025,1978.91
2014-07-29,81.214,1969.95
2014-07-30,81.432,1970.07
2014-07-31,81.456,1930.67
2014-08-01,81.302,1925.15
2014-08-04,81.328,1938.99
2014-08-05,81.328,1920.21
2014-08-06,81.444,1920.24
2014-08-07,81.524,1909.57
2014-08-08,81.389,1931.59
2014-08-11,81.466,1936.92
2014-08-12,81.5,1933.75
2014-08-13,81.596,1946.72
2014-08-14,81.588,1955.18
2014-08-15,81.424,1955.06
2014-08-18,81.576,1971.74
2014-08-19,81.883,1981.6
2014-08-20,82.226,1986.51
2014-08-21,82.154,1992.37
2014-08-22,82.336,1988.4
2014-08-25,82.549,1997.92
2014-08-26,82.65,2000.02
2014-08-27,82.428,2000.12
2014-08-28,82.477,1996.74
2014-08-29,82.748,2003.37
2014-09-01,82.748,
2014-09-02,82.992,2002.28
2014-09-03,82.865,2000.72
2014-09-04,83.82,1997.65
2014-09-05,83.739,2007.71
2014-09-08,84.232,2001.54
2014-09-09,84.278,1988.44
2014-09-10,84.283,1995.69
2014-09-11,84.298,1997.45
2014-09-12,84.24,1985.54
2014-09-15,84.264,1984.13
2014-09-16,84.074,1998.98
2014-09-17,84.345,2001.57
2014-09-18,84.323,2011.36
2014-09-19,84.735,2010.4
2014-09-22,84.752,1994.29
2014-09-23,84.658,1982.77
2014-09-24,85.037,1998.3
2014-09-25,85.195,1965.99
2014-09-26,85.64,1982.85
2014-09-29,85.591,1977.8
2014-09-30,85.936,1972.29
2014-10-01,85.972,1946.16
2014-10-02,85.601,1946.17
2014-10-03,86.694,1967.9
2014-10-06,85.928,1964.82
2014-10-07,85.672,1935.1
2014-10-08,85.297,1968.89
2014-10-09,85.522,1928.21
2014-10-10,85.912,1906.13
2014-10-13,85.532,1874.74
2014-10-14,85.822,1877.7
2014-10-15,85.147,1862.49
2014-10-16,84.955,1862.76
2014-10-17,85.11,1886.76
2014-10-20,84.953,1904.01
2014-10-21,85.303,1941.28
2014-10-22,85.741,1927.11
2014-10-23,85.843,1950.82
2014-10-24,85.732,1964.58
2014-10-27,85.495,1961.63
2014-10-28,85.408,1985.05
2014-10-29,85.952,1982.3
2014-10-30,86.147,1994.65
2014-10-31,86.917,2018.05
2014-11-03,87.309,2017.81
2014-11-04,86.984,2012.1
2014-11-05,87.444,2023.57
2014-11-06,88.012,2031.21
2014-11-07,87.642,2031.92
2014-11-10,87.81,2038.26
2014-11-11,87.531,2039.68
2014-11-12,87.822,2038.25
2014-11-13,87.674,2039.33
2014-11-14,87.525,2039.82
2014-11-17,87.926,2041.32
2014-11-18,87.575,2051.8
2014-11-19,87.647,2048.72
2014-11-20,87.591,2052.75
2014-11-21,88.31,2063.5
2014-11-24,88.151,2069.41
2014-11-25,87.92,2067.03
2014-11-26,87.607,2072.83
2014-11-27,87.607,
2014-11-28,88.356,2067.56
2014-12-01,87.946,2053.44
2014-12-02,88.647,2066.55
2014-12-03,88.956,2074.33
2014-12-04,88.704,2071.92
2014-12-05,89.334,2075.37
2014-12-08,89.041,2060.31
2014-12-09,88.69,2059.82
2014-12-10,88.271,2026.14
2014-12-11,88.663,2035.33
2014-12-12,88.363,2002.33
2014-12-15,88.46,1989.63
2014-12-16,88.125,1972.74
2014-12-17,89.133,2012.89
2014-12-18,89.235,2061.23
2014-12-19,89.598,2070.65
2014-12-22,89.77,2078.54
2014-12-23,90.064,2082.17
2014-12-24,89.967,2081.88
2014-12-26,90.03,2088.77
2014-12-29,90.19,2090.57
2014-12-30,89.991,2080.35
2014-12-31,90.269,2058.9
2015-01-02,91.08,2058.2
2015-01-05,91.378,2020.58
2015-01-06,91.499,2002.61
2015-01-07,91.89,2025.9
2015-01-08,92.368,2062.14
2015-01-09,91.935,2044.81
2015-01-12,91.983,2028.26
2015-01-13,92.31,2023.03
2015-01-14,92.161,2011.27
2015-01-15,92.352,1992.67
2015-01-16,92.52,2019.42
2015-01-19,92.52,
2015-01-20,93.046,2022.55
2015-01-21,92.904,2032.12
2015-01-22,94.077,2063.15
2015-01-23,94.762,2051.82
2015-01-26,94.802,2057.09
2015-01-27,94.022,2029.55
2015-01-28,94.467,2002.16
2015-01-29,94.782,2021.25
2015-01-30,94.804,1994.99
2015-02-02,94.504,2020.85
2015-02-03,93.6,2050.03
2015-02-04,93.986,2041.51
2015-02-05,93.569,2062.52
2015-02-06,94.698,2055.47
2015-02-09,94.449,2046.74
2015-02-10,94.758,2068.59
2015-02-11,94.985,2068.53
2015-02-12,94.094,2088.48
2015-02-13,94.201,2096.99
2015-02-16,94.201,
2015-02-17,94.061,2100.34
2015-02-18,94.198,2099.68
2015-02-19,94.404,2097.45
2015-02-20,94.253,2110.3
2015-02-23,94.569,2109.66
2015-02-24,94.493,2115.48
2015-02-25,94.213,2113.86
2015-02-26,95.292,2110.74
2015-02-27,95.293,2104.5
2015-03-02,95.462,2117.39
2015-03-03,95.383,2107.78
2015-03-04,95.965,2098.53
2015-03-05,96.378,2101.04
2015-03-06,97.615,2071.26
2015-03-09,97.588,2079.43
2015-03-10,98.618,2044.16
2015-03-11,99.795,2040.24
2015-03-12,99.435,2065.95
2015-03-13,100.33,2053.4
2015-03-16,99.604,2081.19
2015-03-17,99.585,2074.28
2015-03-18,98.55,2099.5
2015-03-19,99.26,2089.27
2015-03-20,97.909,2108.1
2015-03-23,97.033,2104.42
2015-03-24,97.193,2091.5
2015-03-25,96.979,2061.05
2015-03-26,97.436,2056.15
2015-03-27,97.291,2061.02
2015-03-30,97.975,2086.24
2015-03-31,98.357,2067.89
2015-04-01,98.185,2059.69
2015-04-02,97.436,2066.96
2015-04-03,96.545,
2015-04-06,96.777,2080.62
2015-04-07,97.83,2076.33
2015-04-08,97.94,2081.9
2015-04-09,99.155,2091.18
2015-04-10,99.338,2102.06
2015-04-13,99.49,2092.43
2015-04-14,98.733,2095.84
2015-04-15,98.319,2106.63
2015-04-16,97.415,2104.99
2015-04-17,97.52,2081.18
2015-04-20,97.941,2100.4
2015-04-21,98.004,2097.29
2015-04-22,97.932,2107.96
2015-04-23,97.278,2112.93
2015-04-24,96.922,2117.69
2015-04-27,96.765,2108.92
2015-04-28,96.092,2114.76
2015-04-29,95.209,2106.85
2015-04-30,94.6,2085.51
2015-05-01,95.297,2108.29
2015-05-04,95.48,2114.49
2015-05-05,95.076,2089.46
2015-05-06,94.087,2080.15
2015-05-07,94.635,2088.0
2015-05-08,94.794,2116.1
2015-05-11,95.011,2105.33
2015-05-12,94.534,2099.12
2015-05-13,93.617,2098.48
2015-05-14,93.457,2121.1
2015-05-15,93.135,2122.73
2015-05-18,94.221,2129.2
2015-05-19,95.267,2127.83
2015-05-20,95.448,2125.85
2015-05-21,95.255,2130.82
2015-05-22,96.014,2126.06
2015-05-25,96.014,
2015-05-26,97.299,2104.2
2015-05-27,97.371,2123.48
2015-05-28,96.965,2120.79
2015-05-29,96.907,2107.39
2015-06-01,97.392,2111.73
2015-06-02,95.835,2109.6
2015-06-03,95.465,2114.07
2015-06-04,95.461,2095.84
2015-06-05,96.306,2092.83
2015-06-08,95.299,2079.28
2015-06-09,95.166,2080.15
2015-06-10,94.646,2105.2
2015-06-11,94.976,2108.86
2015-06-12,94.972,2094.11
2015-06-15,94.81,2084.43
2015-06-16,94.999,2096.29
2015-06-17,94.296,2100.44
2015-06-18,94.042,2121.24
2015-06-19,94.085,2109.99
2015-06-22,94.329,2122.85
2015-06-23,95.432,2124.2
2015-06-24,95.264,2108.58
2015-06-25,95.187,2102.31
2015-06-26,95.472,2101.49
2015-06-29,94.79,2057.64
2015-06-30,95.485,2063.11
2015-07-01,96.31,2077.42
2015-07-02,96.113,2076.78
2015-07-03,96.113,
2015-07-06,96.298,2068.76
2015-07-07,96.865,2081.34
2015-07-08,96.294,2046.68
2015-07-09,96.606,2051.31
2015-07-10,96.025,2076.62
2015-07-13,96.858,2099.6
2015-07-14,96.643,2108.95
2015-07-15,97.166,2107.4
2015-07-16,97.668,2124.29
2015-07-17,97.862,2126.64
2015-07-20,98.029,2128.28
2015-07-21,97.328,2119.21
2015-07-22,97.598,2114.15
2015-07-23,97.115,2102.15
2015-07-24,97.244,2079.65
2015-07-27,96.502,2067.64
2015-07-28,96.772,2093.25
2015-07-29,96.976,2108.57
2015-07-30,97.56,2108.63
2015-07-31,97.336,2103.84
2015-08-03,97.494,2098.04
2015-08-04,97.931,2093.32
2015-08-05,97.958,2099.84
2015-08-06,97.833,2083.56
2015-08-07,97.563,2077.57
2015-08-10,97.159,2104.18
2015-08-11,97.29,2084.07
2015-08-12,96.262,2086.05
2015-08-13,96.445,2083.39
2015-08-14,96.52,2091.54
2015-08-17,96.806,2102.44
2015-08-18,97.04,2096.92
2015-08-19,96.359,2079.61
2015-08-20,95.98,2035.73
2015-08-21,95.008,1970.89
2015-08-24,93.332,1893.21
2015-08-25,94.53,1867.61
2015-08-26,95.1,1940.51
2015-08-27,95.61,1987.66
2015-08-28,96.106,1988.87
2015-08-31,95.824,1972.18
2015-09-01,95.45,1913.85
2015-09-02,95.828,1948.86
2015-09-03,96.405,1951.13
2015-09-04,96.229,1921.22
2015-09-07,96.229,
2015-09-08,95.985,1969.41
2015-09-09,96.012,1942.04
2015-09-10,95.456,1952.29
2015-09-11,95.194,1961.05
2015-09-14,95.246,1953.03
2015-09-15,95.611,1978.09
2015-09-16,95.42,1995.31
2015-09-17,94.55,1990.2
2015-09-18,94.863,1958.03
2015-09-21,95.894,1966.97
2015-09-22,96.283,1942.74
2015-09-23,96.068,1938.76
2015-09-24,95.994,1932.24
2015-09-25,96.269,1931.34
2015-09-28,96.034,1881.77
2015-09-29,95.855,1884.09
2015-09-30,96.35,1920.03
2015-10-01,96.185,1923.82
2015-10-02,95.83,1951.36
2015-10-05,96.106,1987.05
2015-10-06,95.455,1979.92
2015-10-07,95.497,1995.83
2015-10-08,95.318,2013.43
2015-10-09,94.813,2014.89
2015-10-12,94.841,2017.46
2015-10-13,94.759,2003.69
2015-10-14,93.931,1994.24
2015-10-15,94.371,2023.86
2015-10-16,94.54,2033.11
2015-10-19,94.928,2033.66
2015-10-20,94.913,2030.77
2015-10-21,95.035,2018.94
2015-10-22,96.378,2052.51
2015-10-23,97.127,2075.15
2015-10-26,96.861,2071.18
2015-10-27,96.906,2065.89
2015-10-28,97.782,2090.35
2015-10-29,97.282,2089.41
2015-10-30,96.946,2079.36
2015-11-02,96.928,2104.05
2015-11-03,97.158,2109.79
2015-11-04,97.95,2102.31
2015-11-05,97.936,2099.93
2015-11-06,99.168,2099.2
2015-11-09,98.979,2078.58
2015-11-10,99.293,2081.72
2015-11-11,99.013,2075.0
2015-11-12,98.649,2045.97
2015-11-13,98.998,2023.04
2015-11-16,99.442,2053.19
2015-11-17,99.631,2050.44
2015-11-18,99.652,2083.58
2015-11-19,98.989,2081.24
2015-11-20,99.565,2089.17
2015-11-23,99.803,2086.59
2015-11-24,99.527,2089.14
2015-11-25,99.795,2088.87
2015-11-26,99.795,
2015-11-27,100.02,2090.11
2015-11-30,100.17,2080.41
2015-12-01,99.795,2102.63
2015-12-02,99.993,2079.51
2015-12-03,97.621,2049.62
2015-12-04,98.354,2091.69
2015-12-07,98.655,2077.07
2015-12-08,98.474,2063.59
2015-12-09,97.345,2047.62
2015-12-10,97.939,2052.23
2015-12-11,97.565,2012.37
2015-12-14,97.604,2021.94
2015-12-15,98.217,2043.41
2015-12-16,97.871,2073.07
2015-12-17,99.27,2041.89
2015-12-18,98.703,2005.55
2015-12-21,98.363,2021.15
2015-12-22,98.235,2038.97
2015-12-23,98.341,2064.29
2015-12-24,97.984,2060.99
2015-12-28,97.919,2056.5
2015-12-29,98.101,2078.36
2015-12-30,98.266,2063.36
2015-12-31,98.631,2043.94
2016-01-04,98.869,2012.66
2016-01-05,99.404,2016.71
2016-01-06,99.181,1990.26
2016-01-07,98.219,1943.09
2016-01-08,98.54,1922.03
2016-01-11,98.725,1923.67
2016-01-12,98.974,1938.68
2016-01-13,98.933,1890.28
2016-01-14,99.089,1921.84
2016-01-15,98.956,1880.33
2016-01-18,98.956,
2016-01-19,98.991,1881.33
2016-01-20,99.091,1859.33
2016-01-21,99.056,1868.99
2016-01-22,99.574,1906.9
2016-01-25,99.36,1877.08
2016-01-26,99.36,1903.63
2016-01-27,98.902,1882.95
2016-01-28,98.51,1893.36
2016-01-29,99.606,1940.24
2016-02-01,99.009,1939.38
2016-02-02,98.872,1903.03
2016-02-03,97.288,1912.53
2016-02-04,96.474,1915.45
2016-02-05,97.031,1880.05
2016-02-08,96.57,1853.44
2016-02-09,96.071,1852.21
2016-02-10,95.888,1851.86
2016-02-11,95.562,1829.08
2016-02-12,95.94,1864.78
2016-02-15,95.94,
2016-02-16,96.868,1895.58
2016-02-17,96.786,1926.83
2016-02-18,96.951,1917.83
2016-02-19,96.6,1917.78
2016-02-22,97.379,1945.5
2016-02-23,97.481,1921.27
2016-02-24,97.458,1929.8
2016-02-25,97.287,1951.7
2016-02-26,98.092,1948.05
2016-02-29,98.211,1932.23
2016-03-01,98.352,1978.35
2016-03-02,98.214,1986.45
2016-03-03,97.592,1993.4
2016-03-04,97.34,1999.99
2016-03-07,97.071,2001.76
2016-03-08,97.209,1979.26
2016-03-09,97.173,1989.27
2016-03-10,96.066,1989.57
2016-03-11,96.172,2022.19
2016-03-14,96.624,2019.64
2016-03-15,96.633,2015.93
2016-03-16,95.89,2027.22
2016-03-17,94.76,2040.59
2016-03-18,95.086,2049.58
2016-03-21,95.288,2051.6
2016-03-22,95.648,2049.8
2016-03-23,96.046,2036.71
2016-03-24,96.142,2035.94
2016-03-25,96.273,
2016-03-28,95.943,2037.05
2016-03-29,95.16,2055.01
2016-03-30,94.841,2063.95
2016-03-31,94.586,2059.74
2016-04-01,94.619,2072.78
2016-04-04,94.51,2066.13
2016-04-05,94.631,2045.17
2016-04-06,94.43,2066.66
2016-04-07,94.482,2041.91
2016-04-08,94.235,2047.6
2016-04-11,93.95,2041.99
2016-04-12,93.959,2061.72
2016-04-13,94.744,2082.42
2016-04-14,94.902,2082.78
2016-04-15,94.696,2080.73
2016-04-18,94.49,2094.34
2016-04-19,93.976,2100.8
2016-04-20,94.492,2102.4
2016-04-21,94.599,2091.48
2016-04-22,95.116,2091.58
2016-04-25,94.842,2087.79
2016-04-26,94.573,2091.7
2016-04-27,94.387,2095.15
2016-04-28,93.761,2075.81
2016-04-29,93.082,2065.3
2016-05-02,92.626,2081.43
2016-05-03,92.944,2063.37
2016-05-04,93.179,2051.12
2016-05-05,93.78,2050.63
2016-05-06,93.888,2057.14
2016-05-09,94.128,2058.69
2016-05-10,94.29,2084.39
2016-05-11,93.823,2064.46
2016-05-12,94.15,2064.11
2016-05-13,94.608,2046.61
2016-05-16,94.572,2066.66
2016-05-17,94.548,2047.21
2016-05-18,95.08,2047.63
2016-05-19,95.287,2040.04
2016-05-20,95.334,2052.32
2016-05-23,95.231,2048.04
2016-05-24,95.571,2076.06
2016-05-25,95.354,2090.54
2016-05-26,95.168,2090.1
2016-05-27,95.521,2099.06
2016-05-30,95.521,
2016-05-31,95.891,2096.96
2016-06-01,95.455,2099.33
2016-06-02,95.564,2105.26
2016-06-03,94.029,2099.13
2016-06-06,93.902,2109.41
2016-06-07,93.828,2112.13
2016-06-08,93.59,2119.12
2016-06-09,93.953,2115.48
2016-06-10,94.571,2096.07
2016-06-13,94.362,2079.06
2016-06-14,94.928,2075.32
2016-06-15,94.61,2071.5
2016-06-16,94.569,2077.99
2016-06-17,94.206,2071.22
2016-06-20,93.611,2083.25
2016-06-21,94.017,2088.9
2016-06-22,93.716,2085.45
2016-06-23,93.529,2113.32
2016-06-24,95.448,2037.41
2016-06-27,96.544,2000.54
2016-06-28,96.245,2036.09
2016-06-29,95.769,2070.77
2016-06-30,96.143,2098.86
2016-07-01,95.649,2102.95
2016-07-04,95.649,
2016-07-05,96.166,2088.55
2016-07-06,96.053,2099.73
2016-07-07,96.328,2097.9
2016-07-08,96.302,2129.9
2016-07-11,96.571,2137.16
2016-07-12,96.441,2152.14
2016-07-13,96.216,2152.43
2016-07-14,96.077,2163.75
2016-07-15,96.58,2161.74
2016-07-18,96.562,2166.89
2016-07-19,97.063,2163.78
2016-07-20,97.201,2173.02
2016-07-21,97.0,2165.17
2016-07-22,97.467,2175.03
2016-07-25,97.286,2168.48
2016-07-26,97.156,2169.18
2016-07-27,97.053,2166.58
2016-07-28,96.739,2170.06
2016-07-29,95.53,2173.6
2016-08-01,95.713,2170.84
2016-08-02,95.064,2157.03
2016-08-03,95.563,2163.79
2016-08-04,95.758,2164.25
2016-08-05,96.194,2182.87
2016-08-08,96.401,2180.89
2016-08-09,96.183,2181.74
2016-08-10,95.65,2175.49
2016-08-11,95.857,2185.79
2016-08-12,95.722,2184.05
2016-08-15,95.629,2190.15
2016-08-16,94.791,2178.15
2016-08-17,94.718,2182.22
2016-08-18,94.157,2187.02
2016-08-19,94.511,2183.87
2016-08-22,94.519,2182.64
2016-08-23,94.539,2186.9
2016-08-24,94.786,2175.44
2016-08-25,94.772,2172.47
2016-08-26,95.566,2169.04
2016-08-29,95.58,2180.38
2016-08-30,96.054,2176.12
2016-08-31,96.022,2170.95
2016-09-01,95.653,2170.86
2016-09-02,95.844,2179.98
2016-09-05,95.844,
2016-09-06,94.823,2186.48
2016-09-07,94.956,2186.16
2016-09-08,95.027,2181.3
2016-09-09,95.336,2127.81
2016-09-12,95.095,2159.04
2016-09-13,95.633,2127.02
2016-09-14,95.327,2125.77
2016-09-15,95.288,2147.26
2016-09-16,96.108,2139.16
2016-09-19,95.841,2139.12
2016-09-20,96.019,2139.76
2016-09-21,95.66,2163.12
2016-09-22,95.448,2177.18
2016-09-23,95.477,2164.69
2016-09-26,95.297,2146.1
2016-09-27,95.435,2159.93
2016-09-28,95.431,2171.37
2016-09-29,95.535,2151.13
2016-09-30,95.463,2168.27
2016-10-03,95.695,2161.2
2016-10-04,96.169,2150.49
2016-10-05,96.125,2159.73
2016-10-06,96.765,2160.77
2016-10-07,96.632,2153.74
2016-10-10,96.929,2163.66
2016-10-11,97.69,2136.73
2016-10-12,97.966,2139.18
2016-10-13,97.516,2132.55
2016-10-14,98.019,2132.98
2016-10-17,97.888,2126.5
2016-10-18,97.895,2139.6
2016-10-19,97.92,2144.29
2016-10-20,98.315,2141.34
2016-10-21,98.695,2141.16
2016-10-24,98.756,2151.33
2016-10-25,98.719,2143.16
2016-10-26,98.629,2139.43
2016-10-27,98.888,2133.04
2016-10-28,98.348,2126.41
2016-10-31,98.445,2126.15
2016-11-01,97.699,2111.72
2016-11-02,97.398,2097.94
2016-11-03,97.157,2088.66
2016-11-04,97.065,2085.18
2016-11-07,97.781,2131.52
2016-11-08,97.861,2139.56
2016-11-09,98.504,2163.26
2016-11-10,98.785,2167.48
2016-11-11,99.06,2164.45
2016-11-14,100.11,2164.2
2016-11-15,100.23,2180.39
2016-11-16,100.41,2176.94
2016-11-17,100.89,2187.12
2016-11-18,101.21,2181.9
2016-11-21,101.05,2198.18
2016-11-22,101.04,2202.94
2016-11-23,101.7,2204.72
2016-11-24,101.7,
2016-11-25,101.49,2213.35
2016-11-28,101.33,2201.72
2016-11-29,100.93,2204.66
2016-11-30,101.5,2198.81
2016-12-01,101.04,2191.08
2016-12-02,100.77,2191.95
2016-12-05,100.09,2204.71
2016-12-06,100.49,2212.23
2016-12-07,100.23,2241.35
2016-12-08,101.1,2246.19
2016-12-09,101.59,2259.53
2016-12-12,101.03,2256.96
2016-12-13,101.07,2271.72
2016-12-14,101.76,2253.28
2016-12-15,103.02,2262.03
2016-12-16,102.95,2258.07
2016-12-19,103.14,2262.53
2016-12-20,103.29,2270.76
2016-12-21,103.02,2265.18
2016-12-22,103.09,2260.96
2016-12-23,103.01,2263.79
2016-12-26,102.96,
2016-12-27,103.02,2268.88
2016-12-28,103.3,2249.92
2016-12-29,102.68,2249.26
2016-12-30,102.21,2238.83
2017-01-02,102.8,
2017-01-03,103.21,2257.83
2017-01-04,102.7,2270.75
2017-01-05,101.52,2269.0
2017-01-06,102.22,2276.98
2017-01-09,101.93,2268.9
2017-01-10,102.01,2268.9
2017-01-11,101.78,2275.32
2017-01-12,101.35,2270.44
2017-01-13,101.18,2274.64
2017-01-16,101.18,
2017-01-17,100.33,2267.89
2017-01-18,100.93,2271.89
2017-01-19,101.15,2263.69
2017-01-20,100.74,2271.31
2017-01-23,100.16,2265.2
2017-01-24,100.35,2280.07
2017-01-25,100.03,2298.37
2017-01-26,100.38,2296.68
2017-01-27,100.53,2294.69
2017-01-30,100.43,2280.9
2017-01-31,99.512,2278.87
2017-02-01,99.641,2279.55
2017-02-02,99.79,2280.85
2017-02-03,99.868,2297.42
2017-02-06,99.907,2292.56
2017-02-07,100.26,2293.08
2017-02-08,100.28,2294.67
2017-02-09,100.65,2307.87
2017-02-10,100.8,2316.1
2017-02-13,100.96,2328.25
2017-02-14,101.25,2337.58
2017-02-15,101.18,2349.25
2017-02-16,100.44,2347.22
2017-02-17,100.95,2351.16
2017-02-20,100.95,
2017-02-21,101.37,2365.38
2017-02-22,101.22,2362.82
2017-02-23,101.05,2363.81
2017-02-24,101.09,2367.34
2017-02-27,101.13,2369.75
2017-02-28,101.12,2363.64
2017-03-01,101.78,2395.96
2017-03-02,102.2,2381.92
2017-03-03,101.54,2383.12
2017-03-06,101.64,2375.31
2017-03-07,101.81,2368.39
2017-03-08,102.07,2362.98
2017-03-09,101.85,2364.87
2017-03-10,101.25,2372.6
2017-03-13,101.31,2373.47
2017-03-14,101.7,2365.45
2017-03-15,100.74,2385.26
2017-03-16,100.36,2381.38
2017-03-17,100.3,2378.25
2017-03-20,100.41,2373.47
2017-03-21,99.813,2344.02
2017-03-22,99.677,2348.45
2017-03-23,99.76,2345.96
2017-03-24,99.627,2343.98
2017-03-27,99.166,2341.59
2017-03-28,99.712,2358.57
2017-03-29,99.998,2361.13
2017-03-30,100.41,2368.06
2017-03-31,100.35,2362.72
2017-04-03,100.54,2358.84
2017-04-04,100.54,2360.16
2017-04-05,100.56,2352.95
2017-04-06,100.67,2357.49
2017-04-07,101.18,2355.55
2017-04-10,101.02,2357.16
2017-04-11,100.71,2353.78
2017-04-12,100.78,2344.93
2017-04-13,100.56,2328.95
2017-04-17,100.29,2349.01
2017-04-18,99.499,2342.19
2017-04-19,99.738,2338.17
2017-04-20,99.778,2355.84
2017-04-21,99.977,2348.69
2017-04-24,99.092,2374.15
2017-04-25,98.785,2388.61
2017-04-26,99.045,2387.45
2017-04-27,99.076,2388.77
2017-04-28,99.05,2384.2
2017-05-01,99.077,2388.33
2017-05-02,98.976,2391.17
2017-05-03,99.209,2388.13
2017-05-04,98.797,2389.52
2017-05-05,98.648,2399.29
2017-05-08,99.06,2399.38
2017-05-09,99.658,2396.92
2017-05-10,99.669,2399.63
2017-05-11,99.623,2394.44
2017-05-12,99.252,2390.9
2017-05-15,98.911,2402.32
2017-05-16,98.105,2400.67
2017-05-17,97.575,2357.03
2017-05-18,97.879,2365.72
2017-05-19,97.142,2381.73
2017-05-22,96.984,2394.02
2017-05-23,97.351,2398.42
2017-05-24,97.238,2404.39
2017-05-25,97.248,2415.07
2017-05-26,97.442,2415.82
2017-05-29,97.442,
2017-05-30,97.28,2412.91
2017-05-31,96.922,2411.8
2017-06-01,97.198,2430.06
2017-06-02,96.715,2439.07
2017-06-05,96.799,2436.1
2017-06-06,96.636,2429.33
2017-06-07,96.748,2433.14
2017-06-08,96.918,2433.79
2017-06-09,97.274,2431.77
2017-06-12,97.138,2429.39
2017-06-13,96.975,2440.35
2017-06-14,96.939,2437.92
2017-06-15,97.433,2432.46
2017-06-16,97.164,2433.15
2017-06-19,97.548,2453.46
2017-06-20,97.76,2437.03
2017-06-21,97.559,2435.61
2017-06-22,97.593,2434.5
2017-06-23,97.264,2438.3
2017-06-26,97.426,2439.07
2017-06-27,96.394,2419.38
2017-06-28,96.01,2440.69
2017-06-29,95.628,2419.7
2017-06-30,95.628,2423.41
2017-07-03,96.218,2429.01
2017-07-04,96.218,
2017-07-05,96.29,2432.54
2017-07-06,95.802,2409.75
2017-07-07,96.008,2425.18
2017-07-10,96.022,2427.43
2017-07-11,95.669,2425.53
2017-07-12,95.761,2443.25
2017-07-13,95.728,2447.83
2017-07-14,95.153,2459.27
2017-07-17,95.128,2459.14
2017-07-18,94.604,2460.61
2017-07-19,94.779,2473.83
2017-07-20,94.306,2473.45
2017-07-21,93.858,2472.54
2017-07-24,93.977,2469.91
2017-07-25,94.054,2477.13
2017-07-26,93.672,2477.83
2017-07-27,93.864,2475.42
2017-07-28,93.259,2472.1
2017-07-31,92.863,2470.3
2017-08-01,93.043,2476.35
2017-08-02,92.836,2477.57
2017-08-03,92.839,2472.16
2017-08-04,93.542,2476.83
2017-08-07,93.432,2480.91
2017-08-08,93.647,2474.92
2017-08-09,93.548,2474.02
2017-08-10,93.401,2438.21
2017-08-11,93.069,2441.32
2017-08-14,93.411,2465.84
2017-08-15,93.853,2464.61
2017-08-16,93.541,2468.11
2017-08-17,93.622,2430.01
2017-08-18,93.434,2425.55
2017-08-21,93.095,2428.37
2017-08-22,93.545,2452.51
2017-08-23,93.147,2444.04
2017-08-24,93.277,2438.97
2017-08-25,92.74,2443.05
2017-08-28,92.207,2444.24
2017-08-29,92.249,2446.3
2017-08-30,92.884,2457.59
2017-08-31,92.668,2471.65
2017-09-01,92.814,2476.55
2017-09-04,92.635,
2017-09-05,92.252,2457.85
2017-09-06,92.29,2465.54
2017-09-07,91.663,2465.1
2017-09-08,91.352,2461.43
2017-09-11,91.875,2488.11
2017-09-12,91.882,2496.48
2017-09-13,92.52,2498.37
2017-09-14,92.124,2495.62
2017-09-15,91.872,2500.23
2017-09-18,92.047,2503.87
2017-09-19,91.793,2506.65
2017-09-20,92.508,2508.24
2017-09-21,92.259,2500.6
2017-09-22,92.171,2502.22
2017-09-25,92.648,2496.66
2017-09-26,92.966,2496.84
2017-09-27,93.361,2507.04
2017-09-28,93.085,2510.06
2017-09-29,93.076,2519.36
2017-10-02,93.559,2529.12
2017-10-03,93.569,2534.58
2017-10-04,93.458,2537.74
2017-10-05,93.961,2552.07
2017-10-06,93.8,2549.33
2017-10-09,93.675,2544.73
2017-10-10,93.29,2550.64
2017-10-11,93.015,2555.24
2017-10-12,93.057,2550.93
2017-10-13,93.091,2553.17
2017-10-16,93.312,2557.64
2017-10-17,93.486,2559.36
2017-10-18,93.363,2561.26
2017-10-19,93.266,2562.1
2017-10-20,93.701,2575.21
2017-10-23,93.936,2564.98
2017-10-24,93.772,2569.13
2017-10-25,93.711,2557.15
2017-10-26,94.612,2560.4
2017-10-27,94.916,2581.07
2017-10-30,94.56,2572.83
2017-10-31,94.552,2575.26
2017-11-01,94.815,2579.36
2017-11-02,94.685,2579.85
2017-11-03,94.941,2587.84
2017-11-06,94.757,2591.13
2017-11-07,94.913,2590.64
2017-11-08,94.866,2594.38
2017-11-09,94.444,2584.62
2017-11-10,94.391,2582.3
2017-11-13,94.49,2584.84
2017-11-14,93.827,2578.87
2017-11-15,93.813,2564.62
2017-11-16,93.932,2585.64
2017-11-17,93.662,2578.85
2017-11-20,94.08,2582.14
2017-11-21,93.952,2599.03
2017-11-22,93.22,2597.08
2017-11-23,93.22,
2017-11-24,92.782,2602.42
2017-11-27,92.904,2601.42
2017-11-28,93.27,2627.04
2017-11-29,93.164,2626.07
2017-11-30,93.047,2647.58
2017-12-01,92.885,2642.22
2017-12-04,93.188,2639.44
2017-12-05,93.379,2629.57
2017-12-06,93.61,2629.27
2017-12-07,93.795,2636.98
2017-12-08,93.901,2651.5
2017-12-11,93.866,2659.99
2017-12-12,94.101,2664.11
2017-12-13,93.429,2662.85
2017-12-14,93.489,2652.01
2017-12-15,93.932,2675.81
2017-12-18,93.695,2690.16
2017-12-19,93.441,2681.47
2017-12-20,93.313,2679.25
2017-12-21,93.278,2684.57
2017-12-22,93.347,2683.34
2017-12-26,93.257,2680.5
2017-12-27,93.025,2682.62
2017-12-28,92.602,2687.54
2017-12-29,92.124,2673.61
2018-01-02,91.872,2695.81
2018-01-03,92.162,2713.06
2018-01-04,91.853,2723.99
2018-01-05,91.949,2743.15
2018-01-08,92.358,2747.71
2018-01-09,92.528,2751.29
2018-01-10,92.332,2748.23
2018-01-11,91.852,2767.56
2018-01-12,90.974,2786.24
2018-01-15,90.974,
2018-01-16,90.393,2776.42
2018-01-17,90.541,2802.56
2018-01-18,90.498,2798.03
2018-01-19,90.572,2810.3
2018-01-22,90.401,2832.97
2018-01-23,90.124,2839.13
2018-01-24,89.206,2837.54
2018-01-25,89.391,2839.25
2018-01-26,89.067,2872.87
2018-01-29,89.308,2853.53
2018-01-30,89.16,2822.43
2018-01-31,89.133,2823.81
2018-02-01,88.671,2821.98
2018-02-02,89.195,2762.13
2018-02-05,89.628,2648.94
2018-02-06,89.585,2695.14
2018-02-07,90.255,2681.66
2018-02-08,90.229,2581.0
2018-02-09,90.442,2619.55
2018-02-12,90.208,2656.0
2018-02-13,89.703,2662.94
2018-02-14,89.121,2698.63
2018-02-15,88.593,2731.2
2018-02-16,89.1,2732.22
2018-02-19,89.1,
2018-02-20,89.716,2716.26
2018-02-21,90.0,2701.33
2018-02-22,89.736,2703.96
2018-02-23,89.883,2747.3
2018-02-26,89.853,2779.6
2018-02-27,90.355,2744.28
2018-02-28,90.613,2713.83
2018-03-01,90.324,2677.67
2018-03-02,89.935,2691.25
2018-03-05,90.08,2720.94
2018-03-06,89.618,2728.12
2018-03-07,89.637,2726.8
2018-03-08,90.179,2738.97
2018-03-09,90.093,2786.57
2018-03-12,89.895,2783.02
2018-03-13,89.664,2765.31
2018-03-14,89.704,2749.48
2018-03-15,90.139,2747.33
2018-03-16,90.233,2752.01
2018-03-19,89.765,2712.92
2018-03-20,90.371,2716.94
2018-03-21,89.783,2711.93
2018-03-22,89.857,2643.69
2018-03-23,89.436,2588.26
2018-03-26,89.027,2658.55
2018-03-27,89.372,2612.62
2018-03-28,90.058,2605.0
2018-03-29,90.151,2640.87
2018-04-02,89.71,2581.88
2018-04-03,90.2,2614.45
2018-04-04,90.142,2644.69
2018-04-05,90.46,2662.84
2018-04-06,90.108,2604.47
2018-04-09,89.838,2613.16
2018-04-10,89.587,2656.87
2018-04-11,89.568,2642.19
2018-04-12,89.751,2663.99
2018-04-13,89.8,2656.3
2018-04-16,89.425,2677.84
2018-04-17,89.516,2706.39
2018-04-18,89.623,2708.64
2018-04-19,89.94,2693.13
2018-04-20,90.316,2670.14
2018-04-23,90.946,2670.29
2018-04-24,90.766,2634.56
2018-04-25,91.172,2639.4
2018-04-26,91.561,2666.94
2018-04-27,91.542,2669.91
2018-04-30,91.841,2648.05
2018-05-01,92.449,2654.8
2018-05-02,92.512,2635.67
2018-05-03,92.414,2629.73
2018-05-04,92.566,2663.42
2018-05-07,92.749,2672.63
2018-05-08,93.12,2671.92
2018-05-09,93.04,2697.79
2018-05-10,92.65,2723.07
2018-05-11,92.537,2727.72
2018-05-14,92.587,2730.13
2018-05-15,93.219,2711.45
2018-05-16,93.392,2722.46
2018-05-17,93.469,2720.13
2018-05-18,93.637,2712.97
2018-05-21,93.677,2733.01
2018-05-22,93.609,2724.44
2018-05-23,94.003,2733.29
2018-05-24,93.758,2727.76
2018-05-25,94.188,2721.33
2018-05-28,94.188,
2018-05-29,94.833,2689.86
2018-05-30,94.153,2724.01
2018-05-31,93.985,2705.27
2018-06-01,94.191,2734.62
2018-06-04,94.02,2746.87
2018-06-05,93.898,2748.8
2018-06-06,93.66,2772.35
2018-06-07,93.397,2770.37
2018-06-08,93.551,2779.03
2018-06-11,93.576,2782.0
2018-06-12,93.802,2786.85
2018-06-13,93.713,2775.63
2018-06-14,94.772,2782.49
2018-06-15,94.789,2779.66
2018-06-18,94.86,2773.75
2018-06-19,95.085,2762.59
2018-06-20,95.055,2767.32
2018-06-21,94.743,2749.76
2018-06-22,94.517,2754.88
2018-06-25,94.276,2717.07
2018-06-26,94.659,2723.06
2018-06-27,95.268,2699.63
2018-06-28,95.386,2716.31
2018-06-29,94.636,2718.37
2018-07-02,95.035,2726.71
2018-07-03,94.671,2713.22
2018-07-04,94.671,
2018-07-05,94.469,2736.61
2018-07-06,94.036,2759.82
2018-07-09,94.078,2784.17
2018-07-10,94.152,2793.84
2018-07-11,94.72,2774.02
2018-07-12,94.806,2798.29
2018-07-13,94.752,2801.31
2018-07-16,94.511,2798.43
2018-07-17,94.945,2809.55
2018-07-18,95.08,2815.62
2018-07-19,95.154,2804.49
2018-07-20,94.449,2801.83
2018-07-23,94.669,2806.98
2018-07-24,94.608,2820.4
2018-07-25,94.363,2846.07
2018-07-26,94.75,2837.44
2018-07-27,94.675,2818.82
2018-07-30,94.324,2802.6
2018-07-31,94.493,2816.29
2018-08-01,94.624,2813.36
2018-08-02,95.159,2827.22
2018-08-03,95.143,2840.35
2018-08-06,95.357,2850.4
2018-08-07,95.216,2858.45
2018-08-08,95.051,2857.7
2018-08-09,95.504,2853.58
2018-08-10,96.357,2833.28
2018-08-13,96.391,2821.93
2018-08-14,96.731,2839.96
2018-08-15,96.696,2818.37
2018-08-16,96.645,2840.69
2018-08-17,96.101,2850.13
2018-08-20,95.9,2857.05
2018-08-21,95.256,2862.96
2018-08-22,95.146,2861.82
2018-08-23,95.666,2856.98
2018-08-24,95.146,2874.69
2018-08-27,94.779,2896.74
2018-08-28,94.72,2897.52
2018-08-29,94.6,2914.04
2018-08-30,94.723,2901.13
2018-08-31,95.14,2901.52
2018-09-03,95.14,
2018-09-04,95.439,2896.72
2018-09-05,95.184,2888.6
2018-09-06,95.021,2878.05
2018-09-07,95.365,2871.68
2018-09-10,95.15,2877.13
2018-09-11,95.249,2887.89
2018-09-12,94.799,2888.92
2018-09-13,94.518,2904.18
2018-09-14,94.927,2904.98
2018-09-17,94.496,2888.8
2018-09-18,94.64,2904.31
2018-09-19,94.537,2907.95
2018-09-20,93.912,2930.75
2018-09-21,94.22,2929.67
2018-09-24,94.185,2919.37
2018-09-25,94.133,2915.56
2018-09-26,94.193,2905.97
2018-09-27,94.894,2914.0
2018-09-28,95.132,2913.98
2018-10-01,95.298,2924.59
2018-10-02,95.507,2923.43
2018-10-03,95.762,2925.51
2018-10-04,95.751,2901.61
2018-10-05,95.624,2885.57
2018-10-08,95.761,2884.43
2018-10-09,95.668,2880.34
2018-10-10,95.508,2785.68
2018-10-11,95.017,2728.37
2018-10-12,95.221,2767.13
2018-10-15,95.059,2750.79
2018-10-16,95.048,2809.92
2018-10-17,95.575,2809.21
2018-10-18,95.9,2768.78
2018-10-19,95.713,2767.78
2018-10-22,96.013,2755.88
2018-10-23,95.961,2740.69
2018-10-24,96.434,2656.1
2018-10-25,96.679,2705.57
2018-10-26,96.359,2658.69
2018-10-29,96.579,2641.25
2018-10-30,97.011,2682.63
2018-10-31,97.127,2711.74
2018-11-01,96.277,2740.37
2018-11-02,96.542,2723.06
2018-11-05,96.279,2738.31
2018-11-06,96.317,2755.45
2018-11-07,95.997,2813.89
2018-11-08,96.724,2806.83
2018-11-09,96.905,2781.01
2018-11-12,97.542,2726.22
2018-11-13,97.303,2722.18
2018-11-14,96.803,2701.58
2018-11-15,96.927,2730.2
2018-11-16,96.465,2736.27
2018-11-19,96.193,2690.73
2018-11-20,96.836,2641.89
2018-11-21,96.712,2649.93
2018-11-22,96.712,
2018-11-23,96.916,2632.56
2018-11-26,97.074,2673.45
2018-11-27,97.369,2682.17
2018-11-28,96.786,2743.79
2018-11-29,96.778,2737.76
2018-11-30,97.272,2760.17
2018-12-03,97.04,2790.37
2018-12-04,96.965,2700.06
2018-12-05,97.07,
2018-12-06,96.81,2695.95
2018-12-07,96.514,2633.08
2018-12-10,97.219,2637.72
2018-12-11,97.388,2636.78
2018-12-12,97.044,2651.07
2018-12-13,97.064,2650.54
2018-12-14,97.443,2599.95
2018-12-17,97.1,2545.94
2018-12-18,97.104,2546.16
2018-12-19,97.035,2506.96
2018-12-20,96.276,2467.42
2018-12-21,96.956,2416.62
2018-12-24,96.553,2351.1
2018-12-26,97.05,2467.7
2018-12-27,96.481,2488.83
2018-12-28,96.402,2485.74
2018-12-31,96.173,2506.85
2019-01-02,96.819,2510.03
2019-01-03,96.305,2447.89
2019-01-04,96.179,2531.94
2019-01-07,95.666,2549.69
2019-01-08,95.903,2574.41
2019-01-09,95.219,2584.96
2019-01-10,95.539,2596.64
2019-01-11,95.67,2596.26
2019-01-14,95.61,2582.61
2019-01-15,96.039,2610.3
2019-01-16,96.059,2616.1
2019-01-17,96.065,2635.96
2019-01-18,96.336,2670.71
2019-01-21,96.336,
2019-01-22,96.303,2632.9
2019-01-23,96.123,2638.7
2019-01-24,96.601,2642.33
2019-01-25,95.794,2664.76
2019-01-28,95.746,2643.85
2019-01-29,95.821,2640.0
2019-01-30,95.34,2681.05
2019-01-31,95.578,2704.1
2019-02-01,95.579,2706.53
2019-02-04,95.852,2724.87
2019-02-05,96.067,2737.7
2019-02-06,96.39,2731.61
2019-02-07,96.507,2706.05
2019-02-08,96.637,2707.88
2019-02-11,97.057,2709.8
2019-02-12,96.709,2744.73
2019-02-13,97.129,2753.03
2019-02-14,96.978,2745.73
2019-02-15,96.904,2775.6
2019-02-18,96.904,
2019-02-19,96.52,2779.76
2019-02-20,96.454,2784.7
2019-02-21,96.605,2774.88
2019-02-22,96.507,2792.67
2019-02-25,96.413,2796.11
2019-02-26,96.003,2793.9
2019-02-27,96.154,2792.38
2019-02-28,96.157,2784.49
2019-03-01,96.527,2803.69
2019-03-04,96.682,2792.81
2019-03-05,96.866,2789.65
2019-03-06,96.873,2771.45
2019-03-07,97.667,2748.93
2019-03-08,97.306,2743.07
2019-03-11,97.215,2783.3
2019-03-12,96.935,2791.52
2019-03-13,96.55,2810.92
2019-03-14,96.785,2808.48
2019-03-15,96.595,2822.48
2019-03-18,96.524,2832.94
2019-03-19,96.383,2832.57
2019-03-20,95.761,2824.23
2019-03-21,96.495,2854.88
2019-03-22,96.651,2800.71
2019-03-25,96.566,2798.36
2019-03-26,96.736,2818.46
2019-03-27,96.774,2805.37
2019-03-28,97.202,2815.44
2019-03-29,97.284,2834.4
2019-04-01,97.232,2867.19
2019-04-02,97.361,2867.24
2019-04-03,97.091,2873.4
2019-04-04,97.308,2879.39
2019-04-05,97.395,2892.74
2019-04-08,97.05,2895.77
2019-04-09,97.006,2878.2
2019-04-10,96.946,2888.21
2019-04-11,97.177,2888.32
2019-04-12,96.972,2907.41
2019-04-15,96.942,2905.58
2019-04-16,97.043,2907.06
2019-04-17,97.009,2900.45
2019-04-18,97.474,2905.03
2019-04-22,97.287,2907.97
2019-04-23,97.636,2933.68
2019-04-24,98.173,2927.25
2019-04-25,98.203,2926.17
2019-04-26,98.006,2939.88
2019-04-29,97.857,2943.03
2019-04-30,97.479,2945.83
2019-05-01,97.686,2923.73
2019-05-02,97.832,2917.52
2019-05-03,97.52,2945.64
2019-05-06,97.515,2932.47
2019-05-07,97.628,2884.05
2019-05-08,97.623,2879.42
2019-05-09,97.373,2870.72
2019-05-10,97.33,2881.4
2019-05-13,97.319,2811.87
2019-05-14,97.526,2834.41
2019-05-15,97.569,2850.96
2019-05-16,97.855,2876.32
2019-05-17,97.995,2859.53
2019-05-20,97.933,2840.23
2019-05-21,98.062,2864.36
2019-05-22,98.041,2856.27
2019-05-23,97.856,2822.24
2019-05-24,97.613,2826.06
2019-05-27,97.613,
2019-05-28,97.952,2802.39
2019-05-29,98.144,2783.02
2019-05-30,98.142,2788.86
2019-05-31,97.75,2752.06
2019-06-03,97.142,2744.45
2019-06-04,97.072,2803.27
2019-06-05,97.32,2826.15
2019-06-06,97.044,2843.49
2019-06-07,96.544,2873.34
2019-06-10,96.761,2886.73
2019-06-11,96.686,2885.72
2019-06-12,97.0,2879.84
2019-06-13,97.013,2891.64
2019-06-14,97.572,2886.98
2019-06-17,97.558,2889.67
2019-06-18,97.644,2917.75
2019-06-19,97.117,2926.46
2019-06-20,96.629,2954.18
2019-06-21,96.22,2950.46
2019-06-24,95.98,2945.35
2019-06-25,96.14,2917.38
2019-06-26,96.214,2913.78
2019-06-27,96.194,2924.92
2019-06-28,96.13,2941.76
2019-07-01,96.844,2964.33
2019-07-02,96.726,2973.01
2019-07-03,96.768,2995.82
2019-07-04,96.768,
2019-07-05,97.286,2990.41
2019-07-08,97.384,2975.95
2019-07-09,97.489,2979.63
2019-07-10,97.104,2993.07
2019-07-11,97.05,2999.91
2019-07-12,96.81,3013.77
2019-07-15,96.933,3014.3
2019-07-16,97.395,3004.04
2019-07-17,97.223,2984.42
2019-07-18,96.794,2995.11
2019-07-19,97.151,2976.61
2019-07-22,97.257,2985.03
2019-07-23,97.705,3005.47
2019-07-24,97.729,3019.56
2019-07-25,97.818,3003.67
2019-07-26,98.01,3025.86
2019-07-29,98.044,3020.97
2019-07-30,98.05,3013.18
2019-07-31,98.516,2980.38
2019-08-01,98.369,2953.56
2019-08-02,98.074,2932.05
2019-08-05,97.522,2844.74
2019-08-06,97.63,2881.77
2019-08-07,97.544,2883.98
2019-08-08,97.618,2938.09
2019-08-09,97.491,2918.65
2019-08-12,97.38,2883.75
2019-08-13,97.812,2926.32
2019-08-14,97.987,2840.6
2019-08-15,98.144,2847.6
2019-08-16,98.142,2888.68
2019-08-19,98.347,2923.65
2019-08-20,98.19,2900.51
2019-08-21,98.295,2924.43
2019-08-22,98.17,2922.95
2019-08-23,97.64,2847.11
2019-08-26,98.081,2878.38
2019-08-27,97.999,2869.16
2019-08-28,98.21,2887.94
2019-08-29,98.507,2924.58
2019-08-30,98.916,2926.46
2019-09-02,98.916,
2019-09-03,99.0,2906.27
2019-09-04,98.451,2937.78
2019-09-05,98.414,2976.0
2019-09-06,98.394,2978.71
2019-09-09,98.281,2978.43
2019-09-10,98.326,2979.39
2019-09-11,98.645,3000.93
2019-09-12,98.309,3009.57
2019-09-13,98.257,3007.39
2019-09-16,98.61,2997.96
2019-09-17,98.261,3005.7
2019-09-18,98.561,3006.73
2019-09-19,98.272,3006.79
2019-09-20,98.513,2992.07
2019-09-23,98.599,2991.78
2019-09-24,98.337,2966.6
2019-09-25,99.037,2984.87
2019-09-26,99.132,2977.62
2019-09-27,99.109,2961.79
2019-09-30,99.377,2976.74
2019-10-01,99.128,2940.25
2019-10-02,99.019,2887.61
2019-10-03,98.864,2910.63
2019-10-04,98.808,2952.01
2019-10-07,98.967,2938.79
2019-10-08,99.133,2893.06
2019-10-09,99.118,2919.4
2019-10-10,98.701,2938.13
2019-10-11,98.301,2970.27
2019-10-14,98.454,2966.15
2019-10-15,98.288,2995.68
2019-10-16,98.002,2989.69
2019-10-17,97.607,2997.95
2019-10-18,97.282,2986.2
2019-10-21,97.328,3006.72
2019-10-22,97.526,2995.99
2019-10-23,97.491,3004.52
2019-10-24,97.631,3010.29
2019-10-25,97.831,3022.55
2019-10-28,97.764,3039.42
2019-10-29,97.69,3036.89
2019-10-30,97.646,3046.77
2019-10-31,97.352,3037.56
2019-11-01,97.239,3066.91
2019-11-04,97.505,3078.27
2019-11-05,97.983,3074.62
2019-11-06,97.952,3076.78
2019-11-07,98.143,3085.18
2019-11-08,98.353,3093.08
2019-11-11,98.2,3087.01
2019-11-12,98.309,3091.84
2019-11-13,98.373,3094.04
2019-11-14,98.163,3096.63
2019-11-15,97.999,3120.46
2019-11-18,97.794,3122.03
2019-11-19,97.856,3120.18
2019-11-20,97.934,3108.46
2019-11-21,97.993,3103.54
2019-11-22,98.27,3110.29
2019-11-25,98.323,3133.64
2019-11-26,98.252,3140.52
2019-11-27,98.37,3153.63
2019-11-28,98.37,
2019-11-29,98.273,3140.98
2019-12-02,97.856,3113.87
2019-12-03,97.737,3093.2
2019-12-04,97.648,3112.76
2019-12-05,97.41,3117.43
2019-12-06,97.7,3145.91
2019-12-09,97.644,3135.96
2019-12-10,97.413,3132.52
2019-12-11,97.078,3141.63
2019-12-12,97.397,3168.57
2019-12-13,97.172,3168.8
2019-12-16,97.019,3191.45
2019-12-17,97.222,3192.52
2019-12-18,97.4,3191.14
2019-12-19,97.379,3205.37
2019-12-20,97.69,3221.22
2019-12-23,97.658,3224.01
2019-12-24,97.654,3223.38
2019-12-26,97.534,3239.91
2019-12-27,96.919,3240.02
2019-12-30,96.74,3221.29
2019-12-31,96.389,3230.78
2020-01-02,96.846,3257.85
2020-01-03,96.838,3234.85
2020-01-06,96.671,3246.28
2020-01-07,97.005,3237.18
2020-01-08,97.299,3253.05
2020-01-09,97.45,3274.7
2020-01-10,97.356,3265.35
2020-01-13,97.345,3288.13
2020-01-14,97.372,3283.15
2020-01-15,97.229,3289.29
2020-01-16,97.32,3316.81
2020-01-17,97.606,3329.62
2020-01-20,97.606,
2020-01-21,97.531,3320.79
2020-01-22,97.527,3321.75
2020-01-23,97.693,3325.54
2020-01-24,97.853,3295.47
2020-01-27,97.956,3243.63
2020-01-28,98.018,3276.24
2020-01-29,97.991,3273.4
2020-01-30,97.867,3283.66
2020-01-31,97.39,3225.52
2020-02-03,97.8,3248.92
2020-02-04,97.961,3297.59
2020-02-05,98.301,3334.69
2020-02-06,98.496,3345.78
2020-02-07,98.684,3327.71
2020-02-10,98.832,3352.09
2020-02-11,98.721,3357.75
2020-02-12,99.049,3379.45
2020-02-13,99.067,3373.94
2020-02-14,99.124,3380.16
2020-02-17,99.003,
2020-02-18,99.44,3370.29
2020-02-19,99.705,3386.15
2020-02-20,99.865,3373.23
2020-02-21,99.262,3337.75
2020-02-24,99.359,3225.89
2020-02-25,98.968,3128.21
2020-02-26,98.996,3116.39
2020-02-27,98.508,2978.76
2020-02-28,98.132,2954.22
2020-03-02,97.36,3090.23
2020-03-03,97.153,3003.37
2020-03-04,97.336,3130.12
2020-03-05,96.82,3023.94
2020-03-06,95.951,2972.37
2020-03-09,94.895,2746.56
2020-03-10,96.414,2882.23
2020-03-11,96.507,2741.38
2020-03-12,97.468,2480.64
2020-03-13,98.749,2711.02
2020-03-16,98.069,2386.13
2020-03-17,99.575,2529.19
2020-03-18,101.16,2398.1
2020-03-19,102.755,2409.39
2020-03-20,102.817,2304.92
2020-03-23,102.487,2237.4
2020-03-24,102.039,2447.33
2020-03-25,101.05,2475.56
2020-03-26,99.352,2630.07
2020-03-27,98.365,2541.47
2020-03-30,99.181,2626.65
2020-03-31,99.048,2584.59
2020-04-01,99.673,2470.5
2020-04-02,100.18,2526.9
2020-04-03,100.576,2488.65
2020-04-06,100.685,2663.68
2020-04-07,99.9,2659.41
2020-04-08,100.119,2749.98
2020-04-09,99.517,2789.82
2020-04-10,99.484,
2020-04-13,99.348,2761.63
2020-04-14,98.887,2846.06
2020-04-15,99.461,2783.36
2020-04-16,100.025,2799.55
2020-04-17,99.782,2874.56
2020-04-20,99.955,2823.16
2020-04-21,100.258,2736.56
2020-04-22,100.388,2799.31
2020-04-23,100.433,2797.8
2020-04-24,100.38,2836.74
2020-04-27,100.041,2878.48
2020-04-28,99.865,2863.39
2020-04-29,99.565,2939.51
2020-04-30,99.016,2912.43
2020-05-01,99.079,2830.71
2020-05-04,99.484,2842.74
2020-05-05,99.709,2868.44
2020-05-06,100.091,2848.42
2020-05-07,99.889,2881.19
2020-05-08,99.734,2929.8
2020-05-11,100.236,2930.32
2020-05-12,99.933,2870.12
2020-05-13,100.242,2820.0
2020-05-14,100.466,2852.5
2020-05-15,100.402,2863.7
2020-05-18,99.665,2953.91
2020-05-19,99.371,2922.94
2020-05-20,99.124,2971.61
2020-05-21,99.37,2948.51
2020-05-22,99.863,2955.45
2020-05-25,99.863,
2020-05-26,98.908,2991.77
2020-05-27,99.062,3036.13
2020-05-28,98.383,3029.73
2020-05-29,98.344,3044.31
2020-06-01,97.83,3055.73
2020-06-02,97.673,3080.82
2020-06-03,97.276,3122.87
2020-06-04,96.677,3112.35
2020-06-05,96.937,3193.93
2020-06-08,96.618,3232.39
2020-06-09,96.324,3207.18
2020-06-10,95.959,3190.14
2020-06-11,96.733,3002.1
2020-06-12,97.319,3041.31
2020-06-15,96.706,3066.59
2020-06-16,96.958,3124.74
2020-06-17,97.158,3113.49
2020-06-18,97.421,3115.34
2020-06-19,97.623,3097.74
2020-06-22,97.039,3117.86
2020-06-23,96.646,3131.29
2020-06-24,97.148,3050.33
2020-06-25,97.429,3083.76
2020-06-26,97.433,3009.05
2020-06-29,97.536,3053.24
2020-06-30,97.391,3100.29
2020-07-01,97.196,3115.86
2020-07-02,97.317,3130.01
2020-07-03,97.172,
2020-07-06,96.725,3179.72
2020-07-07,96.881,3145.32
2020-07-08,96.428,3169.94
2020-07-09,96.7,3152.05
2020-07-10,96.652,3185.04
2020-07-13,96.464,3155.22
2020-07-14,96.259,3197.52
2020-07-15,96.081,3226.56
2020-07-16,96.346,3215.57
2020-07-17,95.942,3224.73
2020-07-20,95.832,3251.84
2020-07-21,95.117,3257.3
2020-07-22,94.988,3276.02
2020-07-23,94.692,3235.66
2020-07-24,94.435,3215.63
2020-07-27,93.668,3239.41
2020-07-28,93.696,3218.44
2020-07-29,93.453,3258.44
2020-07-30,93.021,3246.22
2020-07-31,93.349,3271.12
2020-08-03,93.542,3294.61
2020-08-04,93.382,3306.51
2020-08-05,92.868,3327.77
2020-08-06,92.788,3349.16
2020-08-07,93.435,3351.28
2020-08-10,93.582,3360.47
2020-08-11,93.628,3333.69
2020-08-12,93.443,3380.35
2020-08-13,93.335,3373.43
2020-08-14,93.096,3372.85
2020-08-17,92.851,3381.99
2020-08-18,92.271,3389.78
2020-08-19,92.887,3374.85
2020-08-20,92.793,3385.51
2020-08-21,93.247,3397.16
2020-08-24,93.298,3431.28
2020-08-25,93.019,3443.62
2020-08-26,93.006,3478.73
2020-08-27,93.001,3484.55
2020-08-28,92.371,3508.01
2020-08-31,92.144,3500.31
2020-09-01,92.338,3526.65
2020-09-02,92.847,3580.84
2020-09-03,92.739,3455.06
2020-09-04,92.719,3426.96
2020-09-07,92.719,
2020-09-08,93.445,3331.84
2020-09-09,93.255,3398.96
2020-09-10,93.336,3339.19
2020-09-11,93.333,3340.97
2020-09-14,93.052,3383.54
2020-09-15,93.05,3401.2
2020-09-16,93.214,3385.49
2020-09-17,92.97,3357.01
2020-09-18,92.926,3319.47
2020-09-21,93.656,3281.06
2020-09-22,93.988,3315.57
2020-09-23,94.389,3236.92
2020-09-24,94.354,3246.59
2020-09-25,94.642,3298.46
2020-09-28,94.278,3351.6
2020-09-29,93.891,3335.47
2020-09-30,93.886,3363.0
2020-10-01,93.711,3380.8
2020-10-02,93.844,3348.44
2020-10-05,93.513,3408.63
2020-10-06,93.686,3360.95
2020-10-07,93.63,3419.45
2020-10-08,93.605,3446.83
2020-10-09,93.057,3477.13
2020-10-12,93.065,3534.22
2020-10-13,93.531,3511.93
2020-10-14,93.382,3488.67
2020-10-15,93.856,3483.34
2020-10-16,93.682,3483.81
2020-10-19,93.427,3426.92
2020-10-20,93.067,3443.12
2020-10-21,92.611,3435.56
2020-10-22,92.951,3453.49
2020-10-23,92.768,3465.39
2020-10-26,93.045,3400.97
2020-10-27,92.94,3390.68
2020-10-28,93.405,3271.03
2020-10-29,93.955,3310.11
2020-10-30,94.038,3269.96
2020-11-02,94.129,3310.24
2020-11-03,93.553,3369.16
2020-11-04,93.407,3443.44
2020-11-05,92.525,3510.45
2020-11-06,92.229,3509.44
2020-11-09,92.725,3550.5
2020-11-10,92.749,3545.53
2020-11-11,93.043,3572.66
2020-11-12,92.963,3537.01
2020-11-13,92.755,3585.15
2020-11-16,92.642,3626.91
2020-11-17,92.416,3609.53
2020-11-18,92.316,3567.79
2020-11-19,92.294,3581.87
2020-11-20,92.392,3557.54
2020-11-23,92.505,3577.59
2020-11-24,92.226,3635.41
2020-11-25,91.994,3629.65
2020-11-26,91.994,
2020-11-27,91.79,3638.35
2020-11-30,91.869,3621.63
2020-12-01,91.313,3662.45
2020-12-02,91.118,3669.01
2020-12-03,90.714,3666.72
2020-12-04,90.701,3699.12
2020-12-07,90.792,3691.96
2020-12-08,90.965,3702.25
2020-12-09,91.087,3672.82
2020-12-10,90.824,3668.1
2020-12-11,90.976,3663.46
2020-12-14,90.711,3647.49
2020-12-15,90.473,3694.62
2020-12-16,90.45,3701.17
2020-12-17,89.822,3722.48
2020-12-18,90.016,3709.41
2020-12-21,90.043,3694.92
2020-12-22,90.654,3687.26
2020-12-23,90.413,3690.01
2020-12-24,90.323,3703.06
2020-12-28,90.337,3735.36
2020-12-29,89.994,3727.04
2020-12-30,89.68,3732.04
2020-12-31,89.937,3756.07
2021-01-04,89.869,3700.65
2021-01-05,89.436,3726.86
2021-01-06,89.53,3748.14
2021-01-07,89.826,3803.79
2021-01-08,90.098,3824.68
2021-01-11,90.465,3799.61
2021-01-12,90.093,3801.19
2021-01-13,90.355,3809.84
2021-01-14,90.239,3795.54
2021-01-15,90.772,3768.25
2021-01-18,90.765,
2021-01-19,90.498,3798.91
2021-01-20,90.475,3851.85
2021-01-21,90.131,3853.07
2021-01-22,90.238,3841.47
2021-01-25,90.391,3855.36
2021-01-26,90.17,3849.62
2021-01-27,90.647,3750.77
2021-01-28,90.455,3787.38
2021-01-29,90.584,3714.24
2021-02-01,90.98,3773.86
2021-02-02,91.197,3826.31
2021-02-03,91.171,3830.17
2021-02-04,91.529,3871.74
2021-02-05,91.042,3886.83
2021-02-08,90.934,3915.59
2021-02-09,90.439,3911.23
2021-02-10,90.371,3909.88
2021-02-11,90.417,3916.38
2021-02-12,90.48,3934.83
2021-02-15,90.48,
2021-02-16,90.509,3932.59
2021-02-17,90.951,3931.33
2021-02-18,90.592,3913.97
2021-02-19,90.364,3906.71
2021-02-22,90.01,3876.5
2021-02-23,90.169,3881.37
2021-02-24,90.176,3925.43
2021-02-25,90.134,3829.34
2021-02-26,90.879,3811.15
2021-03-01,91.039,3901.82
2021-03-02,90.785,3870.29
2021-03-03,90.947,3819.72
2021-03-04,91.631,3768.47
2021-03-05,91.977,3841.94
2021-03-08,92.313,3821.35
2021-03-09,91.958,3875.44
2021-03-10,91.823,3898.81
2021-03-11,91.42,3939.34
2021-03-12,91.679,3943.34
2021-03-15,91.833,3968.94
2021-03-16,91.865,3962.71
2021-03-17,91.442,3974.12
2021-03-18,91.862,3915.46
2021-03-19,91.919,3913.1
2021-03-22,91.742,3940.59
2021-03-23,92.336,3910.52
2021-03-24,92.528,3889.14
2021-03-25,92.809,3909.52
2021-03-26,92.766,3974.54
2021-03-29,92.944,3971.09
2021-03-30,93.297,3958.55
2021-03-31,93.232,3972.89
2021-04-01,92.929,4019.87
2021-04-02,93.022,
2021-04-05,92.595,4077.91
2021-04-06,92.335,4073.94
2021-04-07,92.455,4079.95
2021-04-08,92.059,4097.17
2021-04-09,92.163,4128.8
2021-04-12,92.138,4127.99
2021-04-13,91.852,4141.59
2021-04-14,91.69,4124.66
2021-04-15,91.668,4170.42
2021-04-16,91.556,4185.47
2021-04-19,91.069,4163.26
2021-04-20,91.241,4134.94
2021-04-21,91.155,4173.42
2021-04-22,91.333,4134.98
2021-04-23,90.859,4180.17
2021-04-26,90.807,4187.62
2021-04-27,90.909,4186.72
2021-04-28,90.609,4183.18
2021-04-29,90.614,4211.47
2021-04-30,91.28,4181.17
2021-05-03,90.945,4192.66
2021-05-04,91.288,4164.66
2021-05-05,91.308,4167.59
2021-05-06,90.951,4201.62
2021-05-07,90.233,4232.6
2021-05-10,90.212,4188.43
2021-05-11,90.141,4152.1
2021-05-12,90.713,4063.04
2021-05-13,90.752,4112.5
2021-05-14,90.321,4173.85
2021-05-17,90.164,4163.29
2021-05-18,89.75,4127.83
2021-05-19,90.191,4115.68
2021-05-20,89.808,4159.12
2021-05-21,90.017,4155.86
2021-05-24,89.844,4197.05
2021-05-25,89.639,4188.13
2021-05-26,90.042,4195.99
2021-05-27,89.971,4200.88
2021-05-28,90.031,4204.11
2021-05-31,89.792,
2021-06-01,89.831,4202.04
2021-06-02,89.909,4208.12
2021-06-03,90.512,4192.85
2021-06-04,90.136,4229.89
2021-06-07,89.95,4226.52
2021-06-08,90.076,4227.26
2021-06-09,90.12,4219.55
2021-06-10,90.075,4239.18
2021-06-11,90.555,4247.44
2021-06-14,90.522,4255.15
2021-06-15,90.536,4246.59
2021-06-16,91.129,4223.7
2021-06-17,91.889,4221.86
2021-06-18,92.225,4166.45
2021-06-21,91.899,4224.79
2021-06-22,91.756,4246.44
2021-06-23,91.802,4241.84
2021-06-24,91.814,4266.49
2021-06-25,91.851,4280.7
2021-06-28,91.887,4290.61
2021-06-29,92.049,4291.8
2021-06-30,92.436,4297.5
2021-07-01,92.597,4319.94
2021-07-02,92.226,4352.34
2021-07-05,92.212,
2021-07-06,92.546,4343.54
2021-07-07,92.644,4358.13
2021-07-08,92.417,4320.82
2021-07-09,92.13,4369.55
2021-07-12,92.261,4384.63
2021-07-13,92.752,4369.21
2021-07-14,92.41,4374.3
2021-07-15,92.624,4360.03
2021-07-16,92.687,4327.16
2021-07-19,92.891,4258.49
2021-07-20,92.973,4323.06
2021-07-21,92.754,4358.69
2021-07-22,92.822,4367.48
2021-07-23,92.912,4411.79
2021-07-26,92.649,4422.3
2021-07-27,92.432,4401.46
2021-07-28,92.322,4400.64
2021-07-29,91.864,4419.15
2021-07-30,92.174,4395.26
2021-08-02,92.048,4387.16
2021-08-03,92.081,4423.15
2021-08-04,92.27,4402.66
2021-08-05,92.244,4429.1
2021-08-06,92.8,4436.52
2021-08-09,92.945,4432.35
2021-08-10,93.055,4436.75
2021-08-11,92.922,4447.7
2021-08-12,93.035,4460.83
2021-08-13,92.518,4468.0
2021-08-16,92.628,4479.71
2021-08-17,93.13,4448.08
2021-08-18,93.136,4400.27
2021-08-19,93.568,4405.8
2021-08-20,93.496,4441.67
2021-08-23,92.958,4479.53
2021-08-24,92.893,4486.23
2021-08-25,92.825,4496.19
2021-08-26,93.062,4470.0
2021-08-27,92.686,4509.37
2021-08-30,92.653,4528.79
2021-08-31,92.626,4522.68
2021-09-01,92.449,4524.09
2021-09-02,92.225,4536.95
2021-09-03,92.035,4535.43
2021-09-06,92.035,
2021-09-07,92.512,4520.03
2021-09-08,92.653,4514.07
2021-09-09,92.479,4493.28
2021-09-10,92.582,4458.58
2021-09-13,92.675,4468.73
2021-09-14,92.623,4443.05
2021-09-15,92.548,4480.7
2021-09-16,92.932,4473.75
2021-09-17,93.195,4432.99
2021-09-20,93.276,4357.73
2021-09-21,93.204,4354.19
2021-09-22,93.462,4395.64
2021-09-23,93.103,4448.98
2021-09-24,93.327,4455.48
2021-09-27,93.383,4443.11
2021-09-28,93.766,4352.63
2021-09-29,94.338,4359.46
2021-09-30,94.23,4307.54
2021-10-01,94.035,4357.04
2021-10-04,93.776,4300.46
2021-10-05,93.975,4345.72
2021-10-06,94.266,4363.55
2021-10-07,94.217,4399.76
2021-10-08,94.067,4391.34
2021-10-11,94.316,4361.19
2021-10-12,94.516,4350.65
2021-10-13,94.08,4363.8
2021-10-14,93.956,4438.26
2021-10-15,93.937,4471.37
2021-10-18,93.953,4486.46
2021-10-19,93.734,4519.63
2021-10-20,93.558,4536.19
2021-10-21,93.77,4549.78
2021-10-22,93.642,4544.9
2021-10-25,93.813,4566.48
2021-10-26,93.949,4574.79
2021-10-27,93.802,4551.68
2021-10-28,93.345,4596.42
2021-10-29,94.123,4605.38
2021-11-01,93.879,4613.67
2021-11-02,94.09,4630.65
2021-11-03,93.864,4660.57
2021-11-04,94.347,4680.06
2021-11-05,94.32,4697.53
2021-11-08,94.049,4701.7
2021-11-09,93.955,4685.25
2021-11-10,94.85,4646.71
2021-11-11,95.178,4649.27
2021-11-12,95.128,4682.85
2021-11-15,95.407,4682.8
2021-11-16,95.915,4700.9
2021-11-17,95.828,4688.67
2021-11-18,95.544,4704.54
2021-11-19,96.031,4697.96
2021-11-22,96.548,4682.94
2021-11-23,96.491,4690.7
2021-11-24,96.875,4701.46
2021-11-25,96.774,
2021-11-26,96.089,4594.62
2021-11-29,96.341,4655.27
2021-11-30,95.994,4567.0
2021-12-01,96.028,4513.04
2021-12-02,96.156,4577.1
2021-12-03,96.117,4538.43
2021-12-06,96.328,4591.67
2021-12-07,96.369,4686.75
2021-12-08,95.894,4701.21
2021-12-09,96.271,4667.45
2021-12-10,96.097,4712.02
2021-12-13,96.317,4668.97
2021-12-14,96.571,4634.09
2021-12-15,96.511,4709.85
2021-12-16,96.042,4668.67
2021-12-17,96.565,4620.64
2021-12-20,96.551,4568.02
2021-12-21,96.491,4649.23
2021-12-22,96.076,4696.56
2021-12-23,96.019,4725.79
2021-12-27,96.093,4791.19
2021-12-28,96.202,4786.35
2021-12-29,95.929,4793.06
2021-12-30,95.968,4778.73
2021-12-31,95.67,4766.18
2022-01-03,96.213,4796.56
2022-01-04,96.262,4793.54
2022-01-05,96.171,4700.58
2022-01-06,96.32,4696.05
2022-01-07,95.719,4677.03
2022-01-10,95.991,4670.29
2022-01-11,95.624,4713.07
2022-01-12,94.915,4726.35
2022-01-13,94.79,4659.03
2022-01-14,95.165,4662.85
2022-01-17,95.258,
2022-01-18,95.732,4577.11
2022-01-19,95.51,4532.76
2022-01-20,95.735,4482.73
2022-01-21,95.642,4397.94
2022-01-24,95.918,4410.13
2022-01-25,95.948,4356.45
2022-01-26,96.483,4349.93
2022-01-27,97.255,4326.51
2022-01-28,97.27,4431.85
2022-01-31,96.54,4515.55
2022-02-01,96.385,4546.54
2022-02-02,95.936,4589.38
2022-02-03,95.379,4477.44
2022-02-04,95.485,4500.53
2022-02-07,95.399,4483.87
2022-02-08,95.643,4521.54
2022-02-09,95.494,4587.18
2022-02-10,95.553,4504.08
2022-02-11,96.082,4418.64
2022-02-14,96.374,4401.67
2022-02-15,95.989,4471.07
2022-02-16,95.701,4475.01
2022-02-17,95.8,4380.26
2022-02-18,96.043,4348.87
2022-02-21,96.078,
2022-02-22,96.025,4304.76
2022-02-23,96.19,4225.5
2022-02-24,97.137,4288.7
2022-02-25,96.615,4384.65
2022-02-28,96.707,4373.94
2022-03-01,97.409,4306.26
2022-03-02,97.385,4386.54
2022-03-03,97.785,4363.49
2022-03-04,98.648,4328.87
2022-03-07,99.293,4201.09
2022-03-08,99.062,4170.7
2022-03-09,97.968,4277.88
2022-03-10,98.507,4259.52
2022-03-11,99.124,4204.31
2022-03-14,98.999,4173.11
2022-03-15,99.097,4262.45
2022-03-16,98.618,4357.86
2022-03-17,97.974,4411.67
2022-03-18,98.233,4463.12
2022-03-21,98.498,4461.18
2022-03-22,98.493,4511.61
2022-03-23,98.622,4456.24
2022-03-24,98.789,4520.16
2022-03-25,98.789,4543.06
2022-03-28,99.091,4575.52
2022-03-29,98.404,4631.6
2022-03-30,97.792,4602.45
2022-03-31,98.312,4530.41
2022-04-01,98.632,4545.86
2022-04-04,99.0,4582.64
2022-04-05,99.472,4525.12
2022-04-06,99.599,4481.15
2022-04-07,99.751,4500.21
2022-04-08,99.796,4488.28
2022-04-11,99.932,4412.53
2022-04-12,100.292,4397.45
2022-04-13,99.875,4446.59
2022-04-14,100.321,4392.59
2022-04-18,100.781,4391.69
2022-04-19,100.961,4462.21
2022-04-20,100.39,4459.45
2022-04-21,100.578,4393.66
2022-04-22,101.22,4271.78
2022-04-25,101.752,4296.12
2022-04-26,102.303,4175.2
2022-04-27,102.954,4183.96
2022-04-28,103.623,4287.5
2022-04-29,102.959,4131.93
2022-05-02,103.744,4155.38
2022-05-03,103.465,4175.48
2022-05-04,102.587,4300.17
2022-05-05,103.752,4146.87
2022-05-06,103.66,4123.34
2022-05-09,103.651,3991.24
2022-05-10,103.92,4001.05
2022-05-11,103.846,3935.18
2022-05-12,104.851,3930.08
2022-05-13,104.563,4023.89
2022-05-16,104.187,4008.01
2022-05-17,103.36,4088.85
2022-05-18,103.81,3923.68
2022-05-19,102.724,3900.79
2022-05-20,103.15,3901.36
2022-05-23,102.076,3973.75
2022-05-24,101.857,3941.48
2022-05-25,102.056,3978.73
2022-05-26,101.829,4057.84
2022-05-27,101.668,4158.24
2022-05-30,101.668,
2022-05-31,101.752,4132.15
2022-06-01,102.498,4101.23
2022-06-02,101.824,4176.82
2022-06-03,102.14,4108.54
2022-06-06,102.437,4121.43
2022-06-07,102.318,4160.68
2022-06-08,102.542,4115.77
2022-06-09,103.223,4017.82
2022-06-10,104.148,3900.86
2022-06-13,105.078,3749.63
2022-06-14,105.518,3735.48
2022-06-15,105.158,3789.99
2022-06-16,103.631,3666.77
2022-06-17,104.7,3674.84
2022-06-20,104.7,
2022-06-21,104.435,3764.79
2022-06-22,104.197,3759.89
2022-06-23,104.431,3795.73
2022-06-24,104.185,3911.74
2022-06-27,103.939,3900.11
2022-06-28,104.506,3821.55
2022-06-29,105.106,3818.83
2022-06-30,104.685,3785.38
2022-07-01,105.138,3825.33
2022-07-04,105.138,
2022-07-05,106.535,3831.39
2022-07-06,107.096,3845.08
2022-07-07,107.13,3902.62
2022-07-08,107.007,3899.38
2022-07-11,108.021,3854.43
2022-07-12,108.072,3818.8
2022-07-13,107.957,3801.78
2022-07-14,108.544,3790.38
2022-07-15,108.063,3863.16
2022-07-18,107.366,3830.85
2022-07-19,106.682,3936.69
2022-07-20,107.076,3959.9
2022-07-21,106.91,3998.95
2022-07-22,106.73,3961.63
2022-07-25,106.483,3966.84
2022-07-26,107.189,3921.05
2022-07-27,106.452,4023.61
2022-07-28,106.351,4072.43
2022-07-29,105.903,4130.29
2022-08-01,105.45,4118.63
2022-08-02,106.241,4091.19
2022-08-03,106.506,4155.17
2022-08-04,105.693,4151.94
2022-08-05,106.621,4145.19
2022-08-08,106.435,4140.06
2022-08-09,106.374,4122.47
2022-08-10,105.196,4210.24
2022-08-11,105.09,4207.27
2022-08-12,105.631,4280.15
2022-08-15,106.546,4297.14
2022-08-16,106.5,4305.2
2022-08-17,106.574,4274.04
2022-08-18,107.484,4283.74
2022-08-19,108.169,4228.48
2022-08-22,109.046,4137.99
2022-08-23,108.624,4128.73
2022-08-24,108.677,4140.77
2022-08-25,108.47,4199.12
2022-08-26,108.803,4057.66
2022-08-29,108.835,4030.61
2022-08-30,108.773,3986.16
2022-08-31,108.7,3955.0
2022-09-01,109.691,3966.85
2022-09-02,109.534,3924.26
2022-09-05,109.534,
2022-09-06,110.214,3908.19
2022-09-07,109.84,3979.87
2022-09-08,109.707,4006.18
2022-09-09,109.003,4067.36
2022-09-12,108.33,4110.41
2022-09-13,109.815,3932.69
2022-09-14,109.658,3946.01
2022-09-15,109.739,3901.35
2022-09-16,109.764,3873.33
2022-09-19,109.737,3899.89
2022-09-20,110.215,3855.93
2022-09-21,110.642,3789.93
2022-09-22,111.353,3757.99
2022-09-23,113.192,3693.23
2022-09-26,114.103,3655.04
2022-09-27,114.106,3647.29
2022-09-28,112.604,3719.04
2022-09-29,112.254,3640.47
2022-09-30,112.117,3585.62
2022-10-03,111.745,3678.43
2022-10-04,110.065,3790.93
2022-10-05,111.074,3783.28
2022-10-06,112.258,3744.52
2022-10-07,112.795,3639.66
2022-10-10,113.144,3612.39
2022-10-11,113.221,3588.84
2022-10-12,113.32,3577.03
2022-10-13,112.363,3669.91
2022-10-14,113.311,3583.07
2022-10-17,112.039,3677.95
2022-10-18,112.13,3719.98
2022-10-19,112.984,3695.16
2022-10-20,112.881,3665.78
2022-10-21,112.012,3752.75
2022-10-24,111.989,3797.34
2022-10-25,110.95,3859.11
2022-10-26,109.7,3830.6
2022-10-27,110.587,3807.3
2022-10-28,110.752,3901.06
2022-10-31,111.527,3871.98
2022-11-01,111.481,3856.1
2022-11-02,111.345,3759.69
2022-11-03,112.93,3719.89
2022-11-04,110.877,3770.55
2022-11-07,110.12,3806.8
2022-11-08,109.636,3828.11
2022-11-09,110.549,3748.57
2022-11-10,108.206,3956.37
2022-11-11,106.292,3992.93
2022-11-14,106.66,3957.25
2022-11-15,106.404,3991.73
2022-11-16,106.281,3958.79
2022-11-17,106.694,3946.56
2022-11-18,106.93,3965.34
2022-11-21,107.835,3949.94
2022-11-22,107.222,4003.58
2022-11-23,106.076,4027.26
2022-11-24,106.076,
2022-11-25,105.959,4026.12
2022-11-28,106.681,3963.94
2022-11-29,106.822,3957.63
2022-11-30,105.95,4080.11
2022-12-01,104.728,4076.57
2022-12-02,104.545,4071.7
2022-12-05,105.289,3998.84
2022-12-06,105.578,3941.26
2022-12-07,105.1,3933.92
2022-12-08,104.774,3963.51
2022-12-09,104.81,3934.38
2022-12-12,105.131,3990.56
2022-12-13,103.98,4019.65
2022-12-14,103.77,3995.32
2022-12-15,104.558,3895.75
2022-12-16,104.701,3852.36
2022-12-19,104.721,3817.66
2022-12-20,103.965,3821.62
2022-12-21,104.162,3878.44
2022-12-22,104.433,3822.39
2022-12-23,104.314,3844.82
2022-12-27,104.179,3829.25
2022-12-28,104.463,3783.22
2022-12-29,103.836,3849.28
2022-12-30,103.522,3839.5
2023-01-03,104.518,3824.14
2023-01-04,104.248,3852.97
2023-01-05,105.042,3808.1
2023-01-06,103.879,3895.08
2023-01-09,103.001,3892.09
2023-01-10,103.236,3919.25
2023-01-11,103.188,3969.61
2023-01-12,102.246,3983.17
2023-01-13,102.204,3999.09
2023-01-16,102.388,
2023-01-17,102.39,3990.97
2023-01-18,102.363,3928.86
2023-01-19,102.058,3898.85
2023-01-20,102.012,3972.61
2023-01-23,102.138,4019.81
2023-01-24,101.918,4016.95
2023-01-25,101.641,4016.22
2023-01-26,101.839,4060.43
2023-01-27,101.927,4070.56
2023-01-30,102.276,4017.77
2023-01-31,102.097,4076.6
2023-02-01,101.217,4119.21
2023-02-02,101.75,4179.76
2023-02-03,102.915,4136.48
2023-02-06,103.621,4111.08
2023-02-07,103.427,4164.0
2023-02-08,103.409,4117.86
2023-02-09,103.221,4081.5
2023-02-10,103.63,4090.46
2023-02-13,103.345,4137.29
2023-02-14,103.233,4136.13
2023-02-15,103.923,4147.6
2023-02-16,103.856,4090.41
2023-02-17,103.862,4079.09
2023-02-20,103.862,
2023-02-21,104.176,3997.34
2023-02-22,104.585,3991.05
2023-02-23,104.598,4012.32
2023-02-24,105.214,3970.04
2023-02-27,104.673,3982.24
2023-02-28,104.869,3970.15
2023-03-01,104.483,3951.39
2023-03-02,105.027,3981.35
2023-03-03,104.521,4045.64
2023-03-06,104.35,4048.42
2023-03-07,105.615,3986.37
2023-03-08,105.658,3992.01
2023-03-09,105.309,3918.32
2023-03-10,104.576,3861.59
2023-03-13,103.595,3855.76
2023-03-14,103.597,3919.29
2023-03-15,104.646,3891.93
2023-03-16,104.418,3960.28
2023-03-17,103.708,3916.64
2023-03-20,103.281,3951.57
2023-03-21,103.256,4002.87
2023-03-22,102.346,3936.97
2023-03-23,102.605,3948.72
2023-03-24,103.116,3970.99
2023-03-27,102.857,3977.53
2023-03-28,102.43,3971.27
2023-03-29,102.64,4027.81
2023-03-30,102.144,4050.83
2023-03-31,102.506,4109.31
2023-04-03,102.093,4124.51
2023-04-04,101.586,4100.6
2023-04-05,101.852,4090.38
2023-04-06,101.822,4105.02
2023-04-07,102.092,
2023-04-10,102.578,4109.11
2023-04-11,102.204,4108.94
2023-04-12,101.5,4091.95
2023-04-13,101.011,4146.22
2023-04-14,101.552,4137.64
2023-04-17,102.103,4151.32
2023-04-18,101.745,4154.87
2023-04-19,101.968,4154.52
2023-04-20,101.84,4129.79
2023-04-21,101.822,4133.52
2023-04-24,101.348,4137.04
2023-04-25,101.863,4071.63
2023-04-26,101.467,4055.99
2023-04-27,101.503,4135.35
2023-04-28,101.659,4169.48
2023-05-01,102.151,4167.87
2023-05-02,101.958,4119.58
2023-05-03,101.343,4090.75
2023-05-04,101.399,4061.22
2023-05-05,101.214,4136.25
2023-05-08,101.377,4138.12
2023-05-09,101.605,4119.17
2023-05-10,101.477,4137.64
2023-05-11,102.058,4130.62
2023-05-12,102.681,4124.08
2023-05-15,102.434,4136.28
2023-05-16,102.564,4109.9
2023-05-17,102.882,4158.77
2023-05-18,103.584,4198.05
2023-05-19,103.198,4191.98
2023-05-22,103.198,4192.63
2023-05-23,103.488,4145.58
2023-05-24,103.887,4115.24
2023-05-25,104.251,4151.28
2023-05-26,104.206,4205.45
2023-05-29,104.206,
2023-05-30,104.165,4205.52
2023-05-31,104.326,4179.83
2023-06-01,103.56,4221.02
2023-06-02,104.015,4282.37
2023-06-05,104.002,4273.79
2023-06-06,104.125,4283.85
2023-06-07,104.099,4267.52
2023-06-08,103.343,4293.93
2023-06-09,103.557,4298.86
2023-06-12,103.654,4338.93
2023-06-13,103.338,4369.01
2023-06-14,102.948,4372.59
2023-06-15,102.115,4425.84
2023-06-16,102.243,4409.59
2023-06-19,102.522,
2023-06-20,102.54,4388.71
2023-06-21,102.071,4365.69
2023-06-22,102.386,4381.89
2023-06-23,102.903,4348.33
2023-06-26,102.692,4328.82
2023-06-27,102.492,4378.41
2023-06-28,102.905,4376.86
2023-06-29,103.342,4396.44
2023-06-30,102.912,4450.38
2023-07-03,102.988,4455.59
2023-07-04,103.039,
2023-07-05,103.373,4446.82
2023-07-06,103.166,4411.59
2023-07-07,102.272,4398.95
2023-07-10,101.972,4409.53
2023-07-11,101.732,4439.26
2023-07-12,100.521,4472.16
2023-07-13,99.77,4510.04
2023-07-14,99.914,4505.42
2023-07-17,99.842,4522.79
2023-07-18,99.941,4554.98
2023-07-19,100.281,4565.72
2023-07-20,100.88,4534.87
2023-07-21,101.071,4536.34
2023-07-24,101.346,4554.64
2023-07-25,101.349,4567.46
2023-07-26,100.887,4566.75
2023-07-27,101.773,4537.41
2023-07-28,101.622,4582.23
2023-07-31,101.855,4588.96
2023-08-01,102.303,4576.73
2023-08-02,102.59,4513.39
2023-08-03,102.542,4501.89
2023-08-04,102.017,4478.03
2023-08-07,102.047,4518.44
2023-08-08,102.528,4499.38
2023-08-09,102.49,4467.71
2023-08-10,102.524,4468.83
2023-08-11,102.842,4464.05
2023-08-14,103.19,4489.72
2023-08-15,103.209,4437.86
2023-08-16,103.431,4404.33
2023-08-17,103.572,4370.36
2023-08-18,103.375,4369.71
2023-08-21,103.3,4399.77
2023-08-22,103.563,4387.55
2023-08-23,103.419,4436.01
2023-08-24,103.982,4376.31
2023-08-25,104.077,4405.71
2023-08-28,104.058,4433.31
2023-08-29,103.531,4497.63
2023-08-30,103.157,4514.87
2023-08-31,103.619,4507.66
2023-09-01,104.236,4515.77
2023-09-04,104.236,
2023-09-05,104.807,4496.83
2023-09-06,104.861,4465.48
2023-09-07,105.059,4451.14
2023-09-08,105.09,4457.49
2023-09-11,104.569,4487.46
2023-09-12,104.711,4461.9
2023-09-13,104.766,4467.44
2023-09-14,105.405,4505.1
2023-09-15,105.322,4450.32
2023-09-18,105.202,4453.53
2023-09-19,105.131,4443.95
2023-09-20,105.455,4402.2
2023-09-21,105.363,4330.0
2023-09-22,105.583,4320.06
2023-09-25,105.998,4337.44
2023-09-26,106.231,4273.53
2023-09-27,106.666,4274.51
2023-09-28,106.224,4299.7
2023-09-29,106.174,4288.05
2023-10-02,106.904,4288.39
2023-10-03,107.0,4229.45
2023-10-04,106.799,4263.75
2023-10-05,106.332,4258.19
2023-10-06,106.044,4308.5
2023-10-09,106.083,4335.66
2023-10-10,105.825,4358.24
2023-10-11,105.82,4376.95
2023-10-12,106.599,4349.61
2023-10-13,106.648,4327.78
2023-10-16,106.243,4373.63
2023-10-17,106.25,4373.2
2023-10-18,106.565,4314.6
2023-10-19,106.253,4278.0
2023-10-20,106.163,4224.16
2023-10-23,105.536,4217.04
2023-10-24,106.27,4247.68
2023-10-25,106.528,4186.77
2023-10-26,106.602,4137.23
2023-10-27,106.559,4117.37
2023-10-30,106.12,4166.82
2023-10-31,106.663,4193.8
2023-11-01,106.884,4237.86
2023-11-02,106.124,4317.78
2023-11-03,105.021,4358.34
2023-11-06,105.215,4365.98
2023-11-07,105.542,4378.38
2023-11-08,105.593,4382.78
2023-11-09,105.91,4347.35
2023-11-10,105.861,4415.24
2023-11-13,105.631,4411.55
2023-11-14,104.053,4495.7
2023-11-15,104.394,4502.88
2023-11-16,104.349,4508.24
2023-11-17,103.917,4514.02
2023-11-20,103.438,4547.38
2023-11-21,103.565,4538.19
2023-11-22,103.92,4556.62
2023-11-23,103.92,
2023-11-24,103.403,4559.34
2023-11-27,103.199,4550.43
2023-11-28,102.746,4554.89
2023-11-29,102.765,4550.58
2023-11-30,103.497,4567.8
2023-12-01,103.268,4594.63
2023-12-04,103.712,4569.78
2023-12-05,104.05,4567.18
2023-12-06,104.153,4549.34
2023-12-07,103.541,4585.59
2023-12-08,104.01,4604.37
2023-12-11,104.095,4622.44
2023-12-12,103.865,4643.7
2023-12-13,102.869,4707.09
2023-12-14,101.956,4719.55
2023-12-15,102.55,4719.19
2023-12-18,102.561,4740.56
2023-12-19,102.167,4768.37
2023-12-20,102.408,4698.35
2023-12-21,101.843,4746.75
2023-12-22,101.698,4754.63
2023-12-26,101.466,4774.75
2023-12-27,100.986,4781.58
2023-12-28,101.229,4783.35
2023-12-29,101.333,4769.83
2024-01-02,102.2,4742.83
2024-01-03,102.494,4704.81
2024-01-04,102.422,4688.68
2024-01-05,102.412,4697.24
2024-01-08,102.209,4763.54
2024-01-09,102.57,4756.5
2024-01-10,102.362,4783.45
2024-01-11,102.291,4780.24
2024-01-12,102.404,4783.83
2024-01-15,102.404,
2024-01-16,103.357,4765.98
2024-01-17,103.45,4739.21
2024-01-18,103.536,4780.94
2024-01-19,103.288,4839.81
2024-01-22,103.331,4850.43
2024-01-23,103.617,4864.6
2024-01-24,103.236,4868.55
2024-01-25,103.574,4894.16
2024-01-26,103.433,4890.97
2024-01-29,103.609,4927.93
2024-01-30,103.397,4924.97
2024-01-31,103.274,4845.65
2024-02-01,103.048,4906.19
2024-02-02,103.922,4958.61
2024-02-05,104.45,4942.81
2024-02-06,104.21,4954.23
2024-02-07,104.06,4995.06
2024-02-08,104.17,4997.91
2024-02-09,104.08,5026.61
2024-02-12,104.17,5021.84
2024-02-13,104.96,4953.17
2024-02-14,104.72,5000.62
2024-02-15,104.3,5029.73
2024-02-16,104.28,5005.57
2024-02-19,104.29,
2024-02-20,104.08,4975.51
2024-02-21,104.01,4981.8
2024-02-22,103.96,5087.03
2024-02-23,103.94,5088.8
2024-02-26,103.83,5069.53
2024-02-27,103.83,5078.18
2024-02-28,103.97,5069.76
2024-02-29,104.16,5096.27
2024-03-01,103.89,5137.08
2024-03-04,103.83,5130.95
2024-03-05,103.8,5078.65
2024-03-06,103.37,5104.76
2024-03-07,102.82,5157.36
2024-03-08,102.74,5123.69
2024-03-11,102.87,5117.94
2024-03-12,102.96,5175.27
2024-03-13,102.79,5165.31
2024-03-14,103.36,5150.48
2024-03-15,103.45,5117.09
2024-03-18,103.58,5149.42
2024-03-19,103.87,5178.51
2024-03-20,103.24,5224.62
2024-03-21,104.0,5241.53
2024-03-22,104.43,5234.18
2024-03-25,104.23,5218.19
2024-03-26,104.3,5203.58
2024-03-27,104.35,5248.49
2024-03-28,104.55,5254.35
2024-03-29,104.49,
2024-04-01,105.02,5243.77
2024-04-02,104.82,5205.81
2024-04-03,104.25,5211.49
2024-04-04,104.12,5147.21
2024-04-05,104.29,5204.34
2024-04-08,104.14,5202.39
2024-04-09,104.15,5209.91
2024-04-10,105.25,5160.64
2024-04-11,105.28,5199.06
2024-04-12,106.01,5123.41
2024-04-15,106.21,5061.82
2024-04-16,106.26,5051.41
2024-04-17,105.95,5022.21
2024-04-18,106.15,5011.12
2024-04-19,106.15,4967.23
2024-04-22,106.08,5010.6
2024-04-23,105.68,5070.55
2024-04-24,105.86,5071.63
2024-04-25,105.6,5048.42
2024-04-26,106.09,5099.96
2024-04-29,105.58,5116.17
2024-04-30,106.22,5035.69
2024-05-01,105.75,5018.39
2024-05-02,105.3,5064.2
2024-05-03,105.03,5127.79
2024-05-06,105.05,5180.74
2024-05-07,105.41,5187.7
2024-05-08,105.55,5187.67
2024-05-09,105.23,5214.08
2024-05-10,105.3,5222.68
2024-05-13,105.22,5221.42
2024-05-14,105.01,5246.68
2024-05-15,104.35,5308.15
2024-05-16,104.46,5297.1
2024-05-17,104.44,5303.27
2024-05-20,104.57,5308.13
2024-05-21,104.66,5321.41
2024-05-22,104.93,5307.01
2024-05-23,105.11,5267.84
2024-05-24,104.72,5304.72
2024-05-27,104.6,
2024-05-28,104.61,5306.04
2024-05-29,105.13,5266.95
2024-05-30,104.72,5235.48
2024-05-31,104.67,5277.51
2024-06-03,104.14,5283.4
2024-06-04,104.11,5291.34
2024-06-05,104.27,5354.03
2024-06-06,104.1,5352.96
2024-06-07,104.89,5346.99
2024-06-10,105.15,5360.79
2024-06-11,105.23,5375.32
2024-06-12,104.64,5421.03
2024-06-13,105.2,5433.74
2024-06-14,105.55,5431.6
2024-06-17,105.32,5473.23
2024-06-18,105.26,5487.03
2024-06-19,105.25,
2024-06-20,105.59,5473.17
2024-06-21,105.8,5464.62
2024-06-24,105.47,5447.87
2024-06-25,105.61,5469.3
2024-06-26,106.05,5477.9
2024-06-27,105.91,5482.87
2024-06-28,105.87,5460.48
2024-07-01,105.9,5475.09
2024-07-02,105.72,5509.01
2024-07-03,105.4,5537.02
2024-07-04,105.13,
2024-07-05,104.88,5567.19
2024-07-08,105.0,5572.85
2024-07-09,105.13,5576.98
2024-07-10,105.05,5633.91
2024-07-11,104.44,5584.54
2024-07-12,104.09,5615.35
2024-07-15,104.19,5631.22
2024-07-16,104.27,5667.2
2024-07-17,103.75,5588.27
2024-07-18,104.17,5544.59
2024-07-19,104.4,5505.0
2024-07-22,104.31,5564.41
2024-07-23,104.45,5555.74
2024-07-24,104.39,5427.13
2024-07-25,104.36,5399.22
2024-07-26,104.32,5459.1
2024-07-29,104.56,5463.54
2024-07-30,104.55,5436.44
2024-07-31,104.1,5522.3
2024-08-01,104.42,5446.68
2024-08-02,103.22,5346.56
2024-08-05,102.69,5186.33
2024-08-06,102.97,5240.03
2024-08-07,103.2,5199.5
2024-08-08,103.21,5319.31
2024-08-09,103.15,5344.16
2024-08-12,103.14,5344.39
2024-08-13,102.56,5434.43
2024-08-14,102.57,5455.21
2024-08-15,102.98,5543.22
2024-08-16,102.4,5554.25
2024-08-19,101.89,5608.25
2024-08-20,101.44,5597.12
2024-08-21,101.04,5620.85
2024-08-22,101.51,5570.64
2024-08-23,100.72,5634.61
2024-08-26,100.85,5616.84
2024-08-27,100.55,5625.8
2024-08-28,101.09,5592.18
2024-08-29,101.34,5591.96
2024-08-30,101.73,5648.4
2024-09-02,101.65,
2024-09-03,101.82,5528.93
2024-09-04,101.36,5520.07
2024-09-05,101.11,5503.41
2024-09-06,101.19,5408.42
2024-09-09,101.55,5471.05
2024-09-10,101.63,5495.52
2024-09-11,101.68,5554.13
2024-09-12,101.37,5595.76
2024-09-13,101.11,5626.02
2024-09-16,100.76,5633.09
2024-09-17,100.89,5634.58
2024-09-18,100.6,5618.26
2024-09-19,100.61,5713.64
2024-09-20,100.74,5702.55
2024-09-23,100.85,5718.57
2024-09-24,100.47,5732.93
2024-09-25,100.91,5722.26
2024-09-26,100.52,5745.37
2024-09-27,100.38,5738.17
2024-09-30,100.78,5762.48
2024-10-01,101.19,5708.75
2024-10-02,101.68,5709.54
2024-10-03,101.99,5699.94
2024-10-04,102.52,5751.07
2024-10-07,102.54,5695.94
2024-10-08,102.55,5751.13
2024-10-09,102.93,5792.04
2024-10-10,102.99,5780.05
2024-10-11,102.89,5815.03
2024-10-14,103.3,5859.85
2024-10-15,103.26,5815.26
2024-10-16,103.59,5842.47
2024-10-17,103.82,5841.47
2024-10-18,103.49,5864.67
2024-10-21,104.01,5853.98
2024-10-22,104.07,5851.2
2024-10-23,104.43,5797.42
2024-10-24,104.06,5809.86
2024-10-25,104.32,5808.12
2024-10-28,104.32,5823.52
2024-10-29,104.32,5832.92
2024-10-30,103.99,5813.67
2024-10-31,103.98,5705.45
2024-11-01,104.32,5728.8
2024-11-04,103.89,5712.69
2024-11-05,103.42,5782.76
2024-11-06,105.09,5929.04
2024-11-07,104.51,5973.1
2024-11-08,104.95,5995.54
2024-11-11,105.54,6001.35
2024-11-12,106.02,5983.99
2024-11-13,106.48,5985.38
2024-11-14,106.67,5949.17
2024-11-15,106.67,5870.62
2024-11-18,106.28,5893.62
2024-11-19,106.15,5916.98
2024-11-20,106.63,5917.11
2024-11-21,107.03,5948.71
2024-11-22,107.49,5969.34
2024-11-25,106.83,5987.37
2024-11-26,106.87,6021.63
2024-11-27,106.02,5998.74
2024-11-28,106.15,
2024-11-29,105.78,6032.38
2024-12-02,106.45,6047.15
2024-12-03,106.36,6049.88
2024-12-04,106.32,6086.49
2024-12-05,105.71,6075.11
2024-12-06,105.97,6090.27
2024-12-09,106.14,6052.85
2024-12-10,106.4,6034.91
2024-12-11,106.71,6084.19
2024-12-12,106.96,6051.25
2024-12-13,106.94,6051.09
2024-12-16,106.86,6074.08
2024-12-17,106.96,6050.61
2024-12-18,108.03,5872.16
2024-12-19,108.41,5867.08
2024-12-20,107.62,5930.85
2024-12-23,108.04,5974.07
2024-12-24,108.26,6040.04
2024-12-26,108.13,6037.59
2024-12-27,108.0,5970.84
2024-12-30,108.13,5906.94
2024-12-31,108.49,5881.63
2025-01-02,109.39,5868.55
2025-01-03,108.95,5942.47
2025-01-06,108.26,5975.38
2025-01-07,108.54,5909.03
2025-01-08,109.09,5918.25
2025-01-09,109.18,
2025-01-10,109.65,5827.04
2025-01-13,109.96,5836.22
2025-01-14,109.27,5842.91
2025-01-15,109.09,5949.91
2025-01-16,108.96,5937.34
2025-01-17,109.35,5996.66
2025-01-20,109.35,
2025-01-21,108.1,6049.24
2025-01-22,108.27,6086.37
2025-01-23,108.11,6118.71
2025-01-24,107.44,6101.24
2025-01-27,107.42,6012.28
2025-01-28,107.91,6067.7
2025-01-29,107.94,6039.31
2025-01-30,108.18,6071.17
2025-01-31,108.37,6040.53
2025-02-03,108.42,5994.57
2025-02-04,108.0,6037.88
2025-02-05,107.62,6061.48
2025-02-06,107.7,6083.57
2025-02-07,108.04,6025.99
2025-02-10,108.33,6066.44
2025-02-11,107.92,6068.5
2025-02-12,107.96,6051.97
2025-02-13,107.06,6115.07
2025-02-14,106.71,6114.63
2025-02-17,106.74,
2025-02-18,107.02,6129.58
2025-02-19,107.16,6144.15
2025-02-20,106.33,6117.52
2025-02-21,106.61,6013.13
2025-02-24,106.6,5983.25
2025-02-25,106.31,5955.25
2025-02-26,106.42,5956.06
2025-02-27,107.24,5861.57
2025-02-28,107.61,5954.5
2025-03-03,106.75,5849.72
2025-03-04,105.74,5778.15
2025-03-05,104.27,5842.63
2025-03-06,104.06,5738.52
2025-03-07,103.84,5770.2
2025-03-10,103.87,5614.56
2025-03-11,103.46,5572.07
2025-03-12,103.61,5599.3
2025-03-13,103.83,5521.52
2025-03-14,103.72,5638.94
2025-03-17,103.37,5675.12
2025-03-18,103.24,5614.66
2025-03-19,103.43,5675.29
2025-03-20,103.85,5662.89
2025-03-21,104.09,5667.56
2025-03-24,104.26,5767.57
2025-03-25,104.18,5776.65
2025-03-26,104.55,5712.2
2025-03-27,104.33,5693.31
2025-03-28,104.04,5580.94
2025-03-31,104.21,5611.85
2025-04-01,104.26,5633.07
2025-04-02,103.81,5670.97
2025-04-03,102.07,5396.52
2025-04-04,103.02,5074.08
2025-04-07,103.26,5062.25
2025-04-08,102.96,4982.77
2025-04-09,102.9,5456.9
2025-04-10,100.87,5268.05
2025-04-11,100.1,5363.36
2025-04-14,99.64,5405.97
2025-04-15,100.21,5396.63
2025-04-16,99.38,5275.7
2025-04-17,99.38,5282.7
2025-04-18,99.23,
2025-04-21,98.28,5158.2
2025-04-22,98.92,5287.76
2025-04-23,99.84,5375.86
2025-04-24,99.38,5484.77
2025-04-25,99.47,5525.21
2025-04-28,99.01,5528.75
2025-04-29,99.24,5560.83
2025-04-30,99.47,5569.06
2025-05-01,100.25,5604.14
2025-05-02,100.03,5686.67
2025-05-05,99.83,5650.38
2025-05-06,99.24,5606.91
2025-05-07,99.61,5631.28
2025-05-08,100.64,5663.94
2025-05-09,100.34,5659.91
2025-05-12,101.79,5844.19
2025-05-13,101.0,5886.55
2025-05-14,101.04,5892.58
2025-05-15,100.88,5916.93
2025-05-16,101.09,5958.38
2025-05-19,100.43,5963.6
2025-05-20,100.12,5940.46
2025-05-21,99.56,5844.61
2025-05-22,99.96,5842.01
2025-05-23,99.11,5802.82
2025-05-26,98.96,
2025-05-27,99.52,5921.54
2025-05-28,99.88,5888.55
2025-05-29,99.28,5912.17
2025-05-30,99.33,5911.69
2025-06-02,98.71,5935.94
2025-06-03,99.23,5970.37
2025-06-04,98.79,5970.81
2025-06-05,98.74,5939.3
2025-06-06,99.19,6000.36
2025-06-09,98.94,6005.88
2025-06-10,99.1,6038.81
2025-06-11,98.63,6022.24
2025-06-12,97.92,6045.26
2025-06-13,98.18,5976.97
2025-06-16,98.0,6033.11
2025-06-17,98.82,5982.72
2025-06-18,98.9,5980.87
2025-06-19,98.9,
2025-06-20,98.71,5967.84
2025-06-23,98.23,6025.17
2025-06-24,97.95,6092.18
2025-06-25,97.5,6092.16
2025-06-26,97.37,6141.02
2025-06-27,97.4,6173.07
2025-06-30,96.75,6204.95
2025-07-01,96.64,6198.01
2025-07-02,96.75,6227.42
2025-07-03,97.01,6279.35
2025-07-04,97.18,
2025-07-07,97.35,6229.98
2025-07-08,97.54,6225.52
2025-07-09,97.38,6263.26
2025-07-10,97.58,6280.46
2025-07-11,97.85,6259.75
2025-07-14,98.11,6268.56
2025-07-15,98.58,6243.76
2025-07-16,98.34,6263.7
2025-07-17,98.5,6297.36
2025-07-18,98.48,6296.79
2025-07-21,97.85,6305.6
2025-07-22,97.39,6309.62
2025-07-23,97.21,6358.91
2025-07-24,97.38,6363.35
2025-07-25,97.64,6388.64
2025-07-28,98.63,6389.77
2025-07-29,98.89,6370.86
2025-07-30,99.82,6362.9
2025-07-31,99.97,6339.39
2025-08-01,99.14,6238.01
2025-08-04,98.78,6329.94
2025-08-05,98.78,6299.19
2025-08-06,98.18,6345.06
2025-08-07,98.4,6340.0
2025-08-08,98.18,6389.45
2025-08-11,98.52,6373.45
2025-08-12,98.1,6445.76
2025-08-13,97.84,6466.58
2025-08-14,98.25,6468.54
2025-08-15,97.84,6449.8
2025-08-18,98.17,6449.15
2025-08-19,98.26,6411.37
2025-08-20,98.22,6395.78
2025-08-21,98.62,6370.17
2025-08-22,97.73,6466.91
2025-08-25,98.43,6439.32
2025-08-26,98.22,6465.94
2025-08-27,98.23,6481.4
2025-08-28,97.81,6501.86
2025-08-29,97.86,6460.26
2025-09-01,97.77,
2025-09-02,98.4,6415.54
2025-09-03,98.14,6448.26
2025-09-04,98.35,6502.08
2025-09-05,97.74,6481.5
2025-09-08,97.45,6495.15
2025-09-09,97.79,6512.61
2025-09-10,97.78,6532.04
2025-09-11,97.53,6587.47
2025-09-12,97.55,6584.29
2025-09-15,97.3,6615.28
2025-09-16,96.63,6606.76
2025-09-17,96.87,6600.35
2025-09-18,97.35,6631.96
2025-09-19,97.64,6664.36
2025-09-22,97.34,6693.75
2025-09-23,97.26,6656.92
2025-09-24,97.87,6637.97
2025-09-25,98.55,6604.72
2025-09-26,98.18,6643.7
2025-09-29,97.91,6661.21
2025-09-30,97.78,6688.46
2025-10-01,97.71,6711.2
2025-10-02,97.85,6715.35
2025-10-03,97.71,6715.79
2025-10-06,98.11,6740.28
2025-10-07,98.58,6714.59
2025-10-08,98.92,6753.72
2025-10-09,99.54,6735.11
2025-10-10,98.85,6552.51
2025-10-13,99.27,6654.72
2025-10-14,99.05,6644.31
2025-10-15,98.79,6671.06
2025-10-16,98.34,6629.07
2025-10-17,98.54,6664.01
2025-10-20,98.59,6735.13
2025-10-21,98.93,6735.35
2025-10-22,98.9,6699.4
2025-10-23,98.94,6738.44
2025-10-24,98.95,6791.69
2025-10-27,98.78,6875.16
2025-10-28,98.67,6890.89
2025-10-29,99.22,6890.59
2025-10-30,99.53,6822.34
2025-10-31,99.8,6840.2
2025-11-03,99.87,6851.97
2025-11-04,100.22,6771.55
2025-11-05,100.2,6796.29
2025-11-06,99.73,6720.32
2025-11-07,99.6,6728.8
2025-11-10,99.59,6832.43
2025-11-11,99.44,6846.61
2025-11-12,99.5,6850.92
2025-11-13,99.16,6737.49
2025-11-14,99.3,6734.11
2025-11-17,99.59,6672.41
2025-11-18,99.55,6617.32
2025-11-19,100.23,6642.16
2025-11-20,100.16,6538.76
2025-11-21,100.18,6602.99
2025-11-24,100.14,6705.12
2025-11-25,99.66,6765.88
2025-11-26,99.6,6812.61
2025-11-27,99.53,
2025-11-28,99.46,6849.09
